word_id,form,meaning_zh,units,image_code(emoji),has_image,shares_image_with,verdict,severity,note
w_a7c67c46143382b4,cat,貓,U01 U48 T04,1f408,有,cats,OK,,
w_478f77a3f7abc4a9,hat,帽,U01 T07,1f452,有,,OK,,
w_1bb342f45a8206ba,mat,地墊,U01,,無,,無圖(具體可畫，建議補圖),,
w_5d246d17c8ffb086,bat,球棒,U01,1f3cf,有,,OK,,
w_6d5d3981cfb49241,can,罐,U01,1f96b,有,,OK,,
w_654a43bc179eb167,fan,風扇,U01,,無,,無圖(具體可畫，建議補圖),,
w_df6b8848a0d0fae0,man,成年男子,U01,1f468,有,dad,歧義(共用同圖),S3,與 dad 同一張男人臉，只靠中文分辨
w_c8e453511d869f35,pan,平底鑊,U01,1f373,有,cook,歧義(共用同圖),S3,平底鑊圖主體是煎蛋，與 cook 同圖，易被讀成 egg
w_e5cedb1cbd58611b,cap,鴨舌帽,U02 T07,1f9e2,有,,OK,,
w_f8527078c24607c8,map,地圖,U02,1f5fa-fe0f,有,,OK,,
w_4f66bd5d3cc43581,tap,水龍頭,U02,1f6b0,有,,歧義(圖偏窄),S3,「水龍頭」圖是「可飲用水」標誌牌(🚰)，不是水龍頭實物
w_f30e214070e47fae,lap,大腿上方,U02,,無,,無圖(具體可畫，建議補圖),,
w_b0db1f2af2870832,jam,果醬,U02,,無,,無圖(具體可畫，建議補圖),,
w_814d8f4a22a84269,ham,火腿,U02,,無,,無圖(具體可畫，建議補圖),,
w_7a0d323c107da715,ram,公羊,U02,1f40f,有,,OK,,
w_6b10fb34594114da,yam,薯蕷,U02,,無,,無圖(具體可畫，建議補圖),,
w_6fd5f9806db53696,pen,筆,U03 T08,1f58a-fe0f,有,,OK,,
w_b2d685499a2a02a0,hen,母雞,U03 T04,1f414,有,,OK,,
w_0c1287e5f6912d4c,ten,十,U03,1f51f,有,,OK,,
w_2dbe67b71323bf62,men,成年男子們,U03,,無,,無圖(抽象／功能詞，合理),,
w_a000a178920a0ebb,pet,寵物,U03,,無,,無圖(具體可畫，建議補圖),,
w_85b5e74eb6b2be3b,net,網,U03,1f945,有,,歧義(圖偏窄),S3,「網」圖是足球龍門網(🥅)，不是漁網或一般網
w_b50957b1aac59a01,wet,濕的,U03,,無,,無圖(抽象／功能詞，合理),,
w_6190bbce3a10dde1,get,取得,U03,,無,,無圖(抽象／功能詞，合理),,
w_2f155217b018f33f,pin,別針,U04,1f9f7,有,,OK,,
w_f7b01f8dadb93084,fin,魚鰭,U04,,無,,無圖(具體可畫，建議補圖),,
w_2da858f8c5510e80,bin,垃圾桶,U04,1f5d1-fe0f,有,,OK,,
w_77cf5f0d87c2ef51,win,勝出,U04,,無,,無圖(抽象／功能詞，合理),,
w_dd779d21c28572ca,sit,坐下,U04,,無,,無圖(抽象／功能詞，合理),,
w_a7bdbb2b342bc689,hit,擊中,U04,,無,,無圖(抽象／功能詞，合理),,
w_501d9c3565fc4b3a,fit,合身,U04,,無,,無圖(抽象／功能詞，合理),,
w_f12244cc4eb2c536,kit,工具套裝,U04,,無,,無圖(具體可畫，建議補圖),,
w_d5d267d3426282fd,top,頂部,U05,,無,,無圖(抽象／功能詞，合理),,
w_29bf48c6ae14203e,mop,地拖,U05,,無,,無圖(具體可畫，建議補圖),,
w_f97b6c04ab773107,hop,單腳跳,U05,,無,,無圖(抽象／功能詞，合理),,
w_fd9ee21d59a79234,pop,爆開,U05,,無,,無圖(抽象／功能詞，合理),,
w_9780307a426f8ec9,hot,熱的,U05,1f975,有,,OK,,
w_878e8168b54780be,pot,鍋,U05,1f372,有,,OK,,
w_19b6cb74c725c1c8,dot,小點,U05,,無,,無圖(具體可畫，建議補圖),,
w_10622e0d04fd73a6,lot,一塊地,U05,,無,,無圖(抽象／功能詞，合理),,
w_cee42511936f39ef,bug,小昆蟲,U06,1f41b,有,,歧義(圖偏窄),S3,「小昆蟲」圖是毛蟲(🐛)
w_baeee33e1e3c8d12,mug,有柄杯,U06,2615,有,,錯配,S3,「有柄杯」用碟上茶杯圖(☕)，看不到杯柄
w_c35abbe85ecea82b,rug,地氈,U06,,無,,無圖(具體可畫，建議補圖),,
w_f0bab42504ed7d48,hug,擁抱,U06,,無,,無圖(抽象／功能詞，合理),,
w_36b990edf656b31b,sun,太陽,U06 T11,2600-fe0f,有,,OK,,
w_00c748c606db783e,run,跑,U06 U51 T17,1f3c3,有,running,歧義(共用同圖),S3,原形與進行式同圖(可接受)
w_fff284715ddb0120,fun,樂趣,U06,,無,,無圖(抽象／功能詞，合理),,
w_35bd88192d42c8e7,bun,小圓麵包,U06,,無,,無圖(具體可畫，建議補圖),,
w_7aa175afe75c56c2,bad,不好的,U07,,無,,無圖(抽象／功能詞，合理),,
w_19699e4d7d073bd0,dad,爸爸,U07,1f468,有,man,歧義(共用同圖),S3,與 man 同一張男人臉，只靠中文分辨
w_69687785955dcd62,sad,難過的,U07 T16,1f622,有,,OK,,
w_4fe616d5d4eeeea0,mad,生氣的,U07,,無,,無圖(抽象／功能詞，合理),,
w_b5829c079370662b,bag,袋,U07,1f45c,有,,歧義(圖偏窄),S3,「袋」用女裝手袋(👜)，不是書包／購物袋
w_93248f3ba5264079,tag,標籤,U07,1f3f7-fe0f,有,,OK,,
w_9b8af14716aebda1,rag,抹布,U07,,無,,無圖(具體可畫，建議補圖),,
w_4c2e2d06f62e843f,wag,搖擺,U07,,無,,無圖(抽象／功能詞，合理),,
w_c8dc26abe75f50b3,bed,床,U08 T09,1f6cf-fe0f,有,bedroom,歧義(共用同圖),S3,bed/bedroom 同圖
w_e5b31ee09808e493,red,紅色的,U08,1f534,有,,只靠顏色,S3,顏色詞用純色圓點；色弱孩子只能靠中文／文字，沒有輔助形狀
w_efb26a4cdb6ff0ba,fed,餵過,U08,,無,,無圖(抽象／功能詞，合理),,
w_c2ea83f49b0b27de,sled,雪橇,U08,,無,,無圖(具體可畫，建議補圖),,
w_c455e2252c5933a6,leg,腿,U08 T13,1f9b5,有,,OK,,
w_e1c03961871816fb,peg,夾子,U08,,無,,無圖(具體可畫，建議補圖),,
w_1db4847b2e77d1d6,beg,懇求,U08,,無,,無圖(抽象／功能詞，合理),,
w_769414b7520ed9dd,keg,小桶,U08,,無,,無圖(具體可畫，建議補圖),,
w_55940f387e30961a,kid,小孩,U09,1f9d2,有,,OK,,
w_7e7f65313b69cdbe,lid,蓋子,U09,,無,,無圖(具體可畫，建議補圖),,
w_1bc9167d4696c526,hid,躲藏了,U09,,無,,無圖(抽象／功能詞，合理),,
w_c3acd10a438011b0,did,做了,U09,,無,,無圖(抽象／功能詞，合理),,
w_b08973c0c6314dc4,big,大的,U09 U52 T19,,無,,無圖(抽象／功能詞，合理),,
w_251ed7c31b03cea2,dig,挖,U09,,無,,無圖(抽象／功能詞，合理),,
w_ecea60b946b6f844,pig,豬,U09 T04,1f416,有,,OK,,
w_6c497b0fee518234,wig,假髮,U09,,無,,無圖(具體可畫，建議補圖),,
w_5a53cfa3d92b8070,lip,嘴唇,U10,1f444,有,mouth,歧義(共用同圖),S3,lip/mouth 同圖
w_e17e76ab6f93ca06,zip,拉鏈,U10,,無,,無圖(具體可畫，建議補圖),,
w_09fc41107fc9c276,tip,尖端,U10,,無,,無圖(抽象／功能詞，合理),,
w_93122f0a7ad9417c,sip,小口喝,U10,,無,,無圖(抽象／功能詞，合理),,
w_86dd94e45589a5ab,him,他（受詞）,U10,,無,,無圖(抽象／功能詞，合理),,
w_eb710a914a39a340,dim,昏暗的,U10,,無,,無圖(抽象／功能詞，合理),,
w_4d50db7a405b977e,rim,邊緣,U10,,無,,無圖(抽象／功能詞，合理),,
w_ac9f6b20e65ada60,slim,纖細的,U10,,無,,無圖(抽象／功能詞，合理),,
w_37288e9b12887227,dog,狗,U11 U48 T04,1f415,有,dogs,OK,,
w_2ca928e40f1511dc,log,木頭,U11,1fab5,有,wood,歧義(共用同圖),S3,log/wood 同一張樹幹圖
w_a69e1ea62167c5b8,fog,霧,U11,1f32b-fe0f,有,,歧義(圖偏泛),S3,霧圖(🌫)像一張灰色雲，與 cloud 難分
w_b2fef893a8e1612d,jog,緩跑,U11,,無,,無圖(抽象／功能詞，合理),,
w_304b65d3dcf07b47,sock,襪子,U11 U19,1f9e6,有,,OK,,
w_0f1e21119299c976,rock,石頭,U11,1faa8,有,,OK,,
w_2cdbd68c8cda27a1,lock,鎖,U11,1f512,有,,OK,,
w_f19ad3b1871ff3d1,dock,碼頭,U11,,無,,無圖(具體可畫，建議補圖),,
w_85f6da69e5886984,cut,剪,U12,2702-fe0f,有,scissors,歧義(共用同圖),S3,cut/scissors 同圖(動詞用物件代替)
w_190f2763777c7124,hut,小屋,U12,1f6d6,有,,OK,,
w_8be7858af0552cb9,nut,堅果,U12,1f95c,有,,歧義(圖偏窄),S3,「堅果」圖是花生(🥜)，花生嚴格說不是堅果
w_c34e3142dfdf2c0e,shut,關上,U12,,無,,無圖(抽象／功能詞，合理),,
w_682fcb5c455d6950,duck,鴨,U12 U19 T04,1f986,有,,OK,,
w_254e7b5ba403617c,luck,運氣,U12,,無,,無圖(抽象／功能詞，合理),,
w_8319366d48e2126a,truck,貨車,U12 U25,1f69a,有,lorry,歧義(共用同圖),S3,truck/lorry 同圖(英美同義，可接受)
w_6552ecabf675c465,stuck,卡住,U12,,無,,無圖(抽象／功能詞，合理),,
w_be3df077d99ce353,ship,船,U13,1f6a2,有,,OK,,
w_7917ad23cde83f3f,shop,商店,U13,1f3ea,有,,文化或本地化,S3,「商店」用日式 24 小時便利店圖(🏪)
w_d2ac0c4c6bc7587f,fish,魚,U13 T06,1f41f,有,,OK,,
w_6d4bcb1298e20d84,dish,碟,U13,1f37d-fe0f,有,tray / eat / food,歧義(共用同圖),S2,dish/tray/eat/food 四個詞共用同一張「碟＋刀叉」圖
w_e3c9b4e5bbcfcb7f,shell,貝殼,U13,,無,,無圖(具體可畫，建議補圖),,
w_0358c2dfc7e2411f,wish,願望,U13,,無,,無圖(抽象／功能詞，合理),,
w_75dbd8e57e9456b0,shark,鯊魚,U13 U43 T06,1f988,有,,OK,,
w_2bad6a2c6706c488,brush,刷子,U13 U24,1f58c-fe0f,有,paintbrush / paint,歧義(共用同圖),S3,brush/paintbrush/paint 同一張畫筆圖(paint 為動詞「用顏料畫」)
w_0c056576663a2eae,chin,下巴,U14,,無,,無圖(具體可畫，建議補圖),,
w_42123a70e63982ce,chip,薯條（英式英文，一條）,U14,,無,,無圖(具體可畫，建議補圖),,
w_e4d90ce897003c76,rich,富有的,U14,,無,,無圖(抽象／功能詞，合理),,
w_5681f78ef01cd5c6,much,很多,U14,,無,,無圖(抽象／功能詞，合理),,
w_17ff4a2a16950d45,chop,切碎,U14,,無,,無圖(抽象／功能詞，合理),,
w_bb138e880e134365,chest,箱子,U14,,無,,無圖(具體可畫，建議補圖),,
w_e74d51c79c5bb3f7,lunch,午餐,U14 T20,,無,,無圖(具體可畫，建議補圖),,
w_b0d9a08123a70e45,bench,長椅,U14,,無,,無圖(具體可畫，建議補圖),,
w_52e2f14a56374a11,thin,薄的,U15,,無,,無圖(抽象／功能詞，合理),,
w_9d732a2d6367ba0c,thick,厚的,U15,,無,,無圖(抽象／功能詞，合理),,
w_791fab40b6f3e991,moth,飛蛾,U15,,無,,無圖(具體可畫，建議補圖),,
w_70ea0841f35a9060,bath,洗澡,U15,1f6c1,有,,OK,,
w_e6045917c6e278e0,path,小路,U15,,無,,無圖(具體可畫，建議補圖),,
w_36db83450c3a6736,three,三,U15 U33,33-fe0f-20e3,有,,OK,,
w_0189c06a21a56739,thumb,拇指,U15,1f44d,有,,OK,,
w_610fa40d9e6a2b14,teeth,牙齒,U15,1f9b7,有,tooth,單複數不符,S3,複數詞配單一物件圖
w_004d5a4b254f70b2,this,這個,U16,,無,,無圖(抽象／功能詞，合理),,
w_2e7872d91b484ffa,that,那個,U16,,無,,無圖(抽象／功能詞，合理),,
w_f29b8e04c2c21071,these,這些,U16,,無,,無圖(抽象／功能詞，合理),,
w_d65940e0891e3534,those,那些,U16,,無,,無圖(抽象／功能詞，合理),,
w_707ec08d35a86a15,them,他們（受詞）,U16,,無,,無圖(抽象／功能詞，合理),,
w_ca876b20cdad750d,then,然後,U16,,無,,無圖(抽象／功能詞，合理),,
w_872aca4f55a98f51,there,那裡,U16 U58,,無,,無圖(抽象／功能詞，合理),,
w_b50e06738e954c65,mother,母親,U16,,無,,無圖(具體可畫，建議補圖),,
w_21256d8265b46f3c,sing,唱,U17 T17,1f3a4,有,microphone,歧義(共用同圖),S3,sing 與 microphone 同圖
w_7d13cd6809c36724,ring,戒指,U17,1f48d,有,,OK,,
w_46d8295d9cee5d4f,wing,翅膀,U17,1fabd,有,,OK,,
w_1a48a915a788fe3a,song,歌曲,U17,,無,,無圖(抽象／功能詞，合理),,
w_7795137cc805a61f,king,國王,U17,1f934,有,,錯配,S3,「國王」用 🤴(Noto 名稱為 prince 王子)
w_d6a152c922617ed4,long,長的,U17 T19,,無,,無圖(抽象／功能詞，合理),,
w_96a610efd0e5a6cc,bang,砰的一聲,U17,,無,,無圖(抽象／功能詞，合理),,
w_57a664ce41af77bb,hang,掛,U17,,無,,無圖(抽象／功能詞，合理),,
w_17362e4365f31fc3,pink,粉紅色的,U18,1fa77,有,,只靠顏色,S3,「粉紅色」圖是粉紅心形(🩷)，混入「愛心」意思
w_00e1303e4d0726fc,sink,洗手盆,U18,,無,,無圖(具體可畫，建議補圖),,
w_f70a8e7638a878fc,bank,河岸,U18,,無,,無圖(具體可畫，建議補圖),,
w_2ed8d3a4eea8fdc8,tank,水箱,U18,,無,,無圖(具體可畫，建議補圖),,
w_a0957720e372a2be,wink,眨眼,U18,,無,,無圖(抽象／功能詞，合理),,
w_fff2d6117ce3894b,link,連結,U18,,無,,無圖(抽象／功能詞，合理),,
w_355ca6726e3310a3,think,想,U18,1f914,有,,OK,,
w_6b04be335c55b972,drink,喝,U18 T17,1f964,有,,OK,,
w_db519e15ac8dc4a7,back,背部,U19,,無,,無圖(具體可畫，建議補圖),,
w_679a3eaff3db162e,neck,頸,U19,,無,,無圖(具體可畫，建議補圖),,
w_2ca168e8e58387dd,kick,踢球,U19,,無,,無圖(抽象／功能詞，合理),,
w_c1e56d0cbddaa728,pack,收拾行李,U19,,無,,無圖(抽象／功能詞，合理),,
w_666be04ded4a3bd0,pick,挑選,U19,,無,,無圖(抽象／功能詞，合理),,
w_25c15b846d739144,sick,不舒服的,U19,,無,,無圖(抽象／功能詞，合理),,
w_4affb490d9a59c3d,phone,電話,U20,260e-fe0f,有,,文化或本地化,S3,「電話」用紅色轉盤式舊電話(☎)，與孩子見到的智能電話不同
w_f869589adbad89c7,photo,照片,U20,,無,,無圖(具體可畫，建議補圖),,
w_5feb1438af6e6ee1,dolphin,海豚,U20 T06,1f42c,有,,OK,,
w_57cdb1d98512f716,elephant,大象,U20 T05,1f418,有,,OK,,
w_e743231728b85b55,alphabet,字母表,U20,,無,,無圖(具體可畫，建議補圖),,
w_fa5447a186933cac,graph,圖表,U20,,無,,無圖(具體可畫，建議補圖),,
w_d61982e7914e529c,nephew,姪兒或外甥,U20,,無,,無圖(具體可畫，建議補圖),,
w_1b8bf727caa13560,trophy,獎盃,U20,1f3c6,有,,OK,,
w_f68e7553ef3f8975,stop,停止,U21,1f6d1,有,,歧義(圖偏泛),S3,紅色八角形沒有 STOP 字樣，像一般紅色符號
w_1e4755e510035d92,step,一步,U21,,無,,無圖(抽象／功能詞，合理),,
w_7a8526f8937d8ea6,star,星,U21 U43 T11,2b50,有,,OK,,
w_4083fdb6ed29bb7c,spot,斑點,U21,,無,,無圖(抽象／功能詞，合理),,
w_cac8d04c54eb5519,spin,旋轉,U21,,無,,無圖(抽象／功能詞，合理),,
w_9ebfede5628cd4a8,spoon,匙羹,U21 U39,1f944,有,,OK,,
w_137d985c89803b83,skip,跳步,U21,,無,,無圖(抽象／功能詞，合理),,
w_e9ffb28f4c533ca8,skin,皮膚,U21,,無,,無圖(抽象／功能詞，合理),,
w_a9bcee49f14173ca,smell,聞,U22,,無,,無圖(抽象／功能詞，合理),,
w_a3d78ac61cb5a668,smile,微笑,U22 U28,1f60a,有,happy,歧義(共用同圖),S3,smile/happy 同圖(😊)
w_393946c5c6ce3853,small,小的,U22 U52 T19,,無,,無圖(抽象／功能詞，合理),,
w_7638dee36f051b48,snail,蝸牛,U22 U31 T06,1f40c,有,,OK,,
w_d47f9240f8a2d5ff,snow,雪,U22 U36 T11,2744-fe0f,有,,OK,,
w_45c519dd00329c1a,snack,小食,U22,1f968,有,,文化或本地化,S3,「小食」用扭結餅(🥨)，本地孩子較少見
w_f89e1c1719d0e897,swim,游泳,U22 U51 T17,1f3ca,有,swimming,歧義(共用同圖),S3,原形與進行式同圖(可接受)
w_c0a8cfddf542fa82,sweet,甜的,U22,,無,,無圖(抽象／功能詞，合理),,
w_832fa858a3aa8d2d,black,黑色的,U23,26ab,有,,只靠顏色,S3,顏色詞用純色圓點；色弱孩子只能靠中文／文字，沒有輔助形狀
w_4d97b83ae81b31f2,block,積木,U23,,無,,無圖(具體可畫，建議補圖),,
w_9a1457f7a3707496,blue,藍色的,U23,1f535,有,,只靠顏色,S3,顏色詞用純色圓點；色弱孩子只能靠中文／文字，沒有輔助形狀
w_58137824c799dd6b,clap,拍掌,U23,1f44f,有,,OK,,
w_da3349b617d85c11,clock,時鐘,U23 T09,1f552,有,,OK,,
w_195f7b0995cc0c35,cloud,雲,U23 U42 T11,2601-fe0f,有,,OK,,
w_5924e245c406cba9,flag,旗,U23,1f3c1,有,,歧義(圖偏窄),S3,「旗」用賽車方格旗(🏁)
w_4e82afc5f0fb5604,flat,平的,U23,,無,,無圖(抽象／功能詞，合理),,
w_4f615e2b2a8209ba,brick,磚,U24,1f9f1,有,,OK,,
w_04af03d85165642c,bread,麵包,U24 U57 T03,1f35e,有,toast,歧義(共用同圖),S3,bread/toast 同圖，多士圖沒有烘烤
w_f982f25c65fb1701,crab,蟹,U24 T06,1f980,有,,OK,,
w_5be7a60f05e8532a,crop,農作物,U24,,無,,無圖(抽象／功能詞，合理),,
w_736f959e8310bff9,crow,烏鴉,U24,1f426-200d-2b1b,有,,OK,,
w_b843e6695ec2d07d,green,綠色的,U24 U33,1f7e2,有,,只靠顏色,S3,顏色詞用純色圓點；色弱孩子只能靠中文／文字，沒有輔助形狀
w_b7e9865f392feaf8,grin,咧嘴笑,U24,,無,,無圖(抽象／功能詞，合理),,
w_40afe6254283a08b,tree,樹,U25 U33 T11,1f333,有,,OK,,
w_c74ea573bee263bc,train,火車,U25 U31 T10,1f686,有,,OK,,
w_cc37d3004586cb0f,drum,鼓,U25 T15,1f941,有,,OK,,
w_bb48fb5281b23e57,dress,連身裙,U25 T07,1f457,有,,OK,,
w_b32dfd8b04c2942c,drop,一滴,U25,,無,,無圖(具體可畫，建議補圖),,
w_c40c5f5bfd83038e,frog,青蛙,U25,1f438,有,,OK,,
w_3fe56d106e678bc0,free,免費的,U25,,無,,無圖(抽象／功能詞，合理),,
w_db4f4048c5b2e954,hand,手,U26 T13,1f590-fe0f,有,,OK,,
w_ecd5134aa320cb6f,sand,沙,U26,,無,,無圖(具體可畫，建議補圖),,
w_9e29da83043c6fff,wind,風,U26,,無,,無圖(具體可畫，建議補圖),,
w_bd5d2b3936fdaec7,pond,池塘,U26,,無,,無圖(具體可畫，建議補圖),,
w_6d129b1a29657cf2,tent,帳篷,U26 T12,26fa,有,,OK,,
w_5c132806358c1be4,went,去了,U26,,無,,無圖(抽象／功能詞，合理),,
w_793a986e208f806f,lamp,燈,U26,,無,,無圖(具體可畫，建議補圖),,
w_52de8bd58dd8c47a,jump,跳,U26 U50 T18,,無,,無圖(抽象／功能詞，合理),,
w_6cac06aa2d505120,name,名字,U27,,無,,無圖(抽象／功能詞，合理),,
w_9e7350ac85b63737,game,遊戲,U27,1f3ae,有,,OK,,
w_9f23abc71dfb502d,same,相同的,U27,,無,,無圖(抽象／功能詞，合理),,
w_749902978d9fe425,cake,蛋糕,U27,1f370,有,,OK,,
w_56f0953f2b5fd5dc,lake,湖,U27,,無,,無圖(具體可畫，建議補圖),,
w_b5c8d0abc1e15665,gate,閘門,U27,,無,,無圖(具體可畫，建議補圖),,
w_53f634972d77ffe9,plate,碟,U27,,無,,無圖(具體可畫，建議補圖),,
w_803d957eb9135398,shape,形狀,U27,,無,,無圖(抽象／功能詞，合理),,
w_e0938e81269fa4d7,bike,單車,U28,1f6b2,有,bicycle,歧義(共用同圖),S3,bike/bicycle 同圖(同義，可接受)
w_3666eb6a604f4fd2,kite,風箏,U28 T14,1fa81,有,,OK,,
w_a8293209a8ed32e3,time,時間,U28,,無,,無圖(抽象／功能詞，合理),,
w_3ad1defd9a4d5504,five,五,U28,35-fe0f-20e3,有,,OK,,
w_85a625104679a599,line,線,U28,,無,,無圖(抽象／功能詞，合理),,
w_9880c5a87cf22552,nine,九,U28,39-fe0f-20e3,有,,OK,,
w_04b88f81c821e179,rice,米飯,U28 T02,1f35a,有,,OK,,
w_add6509ae603ea70,home,家,U29,1f3e0,有,house,歧義(共用同圖),S3,home/house 同圖
w_c05ab2c1b21f11dc,nose,鼻,U29 T13,1f443,有,,OK,,
w_9920108232253866,rope,繩,U29,,無,,無圖(具體可畫，建議補圖),,
w_5b94ee261de15e6d,stone,石頭,U29,,無,,無圖(具體可畫，建議補圖),,
w_7d2e238aa601c9f6,bone,骨頭,U29 T13,1f9b4,有,,OK,,
w_d65f26d3fe9d4ea7,cone,圓錐,U29,,無,,無圖(具體可畫，建議補圖),,
w_4bc57a641c664c72,hope,希望,U29,,無,,無圖(抽象／功能詞，合理),,
w_5a8bbe4ff54ffd6c,note,便條,U29,,無,,無圖(具體可畫，建議補圖),,
w_003efdb083d45845,cube,立方體,U30,1f9ca,有,,錯配,S3,「立方體」用冰塊圖(🧊)，易被當成「冰」
w_5e565dbae0146f1d,tube,管,U30,,無,,無圖(具體可畫，建議補圖),,
w_83bbec66b2feb617,cute,可愛的,U30,,無,,無圖(抽象／功能詞，合理),,
w_27d9296f5e235fd1,June,六月,U30 U59,,無,,無圖(抽象／功能詞，合理),,
w_439868818bfd911a,mule,騾,U30,,無,,無圖(具體可畫，建議補圖),,
w_b34c50bd8cd00c81,rule,規則,U30,,無,,無圖(抽象／功能詞，合理),,
w_60edcffa2e1eafe2,flute,長笛,U30,,無,,無圖(具體可畫，建議補圖),,
w_b97f87a0db0af848,tune,曲調,U30,,無,,無圖(抽象／功能詞，合理),,
w_82cb78f40e77b74d,rain,雨,U31 T11,1f327-fe0f,有,,OK,,
w_603398457224615c,tail,尾巴,U31,,無,,無圖(具體可畫，建議補圖),,
w_dc7f511b1184b0a8,paint,油漆,U31,,無,,無圖(具體可畫，建議補圖),,
w_c123b6762c03b7fa,mail,郵件,U31,2709-fe0f,有,,OK,,
w_f7f9e86d7a568413,sail,帆,U31,,無,,無圖(具體可畫，建議補圖),,
w_0d485cde9fa7a0d3,wait,等候,U31,,無,,無圖(抽象／功能詞，合理),,
w_6bde6293b9694d6b,day,天,U32,,無,,無圖(抽象／功能詞，合理),,
w_60eaa4e68d93231a,say,說,U32,,無,,無圖(抽象／功能詞，合理),,
w_35d600771aed956e,play,玩,U32 U50 U51,1f6dd,有,,歧義(圖偏泛),S3,動詞 play 用滑梯(🛝)，易被當成 slide／playground
w_c2a96093892eb7bf,stay,留下,U32,,無,,無圖(抽象／功能詞，合理),,
w_2906e41f2a16633f,way,路,U32,,無,,無圖(抽象／功能詞，合理),,
w_fdda2c5ab8b5fa19,tray,托盤,U32,1f37d-fe0f,有,dish / eat / food,錯配,S2,「托盤」用了「碟＋刀叉」圖(🍽)，與 dish/eat/food 同一張，看不出托盤
w_759e3d450ff56863,clay,黏土,U32,,無,,無圖(具體可畫，建議補圖),,
w_a63044fd3c28298d,spray,噴霧,U32,,無,,無圖(抽象／功能詞，合理),,
w_38941e6d91db7e8d,see,看見,U33 U58,,無,,無圖(抽象／功能詞，合理),,
w_8eadab5c5d32b797,bee,蜜蜂,U33 T06,1f41d,有,,OK,,
w_ab1e2b8c32a796f9,feet,腳（複數）,U33,1f9b6,有,foot / foot,單複數不符,S3,複數詞配單一物件圖
w_8b6f0ded92f70fa4,sleep,睡覺,U33 T17,1f634,有,tired,歧義(共用同圖),S3,sleep/tired 同圖(😴)
w_d19c534e8beb7378,sheep,綿羊,U33 T04,1f411,有,,OK,,
w_f367011b3544c7f3,sea,海,U34 U57 U58,1f30a,有,,OK,,
w_1b088c561bf73dbe,tea,茶,U34 U57 T03,1f375,有,,文化或本地化,S3,「茶」用日式綠茶杯(🍵)，不是港式奶茶／中國茶
w_b431d88e5096d3be,leaf,葉,U34 U57 T11,1f343,有,,OK,,
w_4553031f1c05ecb0,team,隊伍,U34,,無,,無圖(抽象／功能詞，合理),,
w_d0d660b0c07e14e0,read,閱讀（現在式）,U34,,無,,無圖(抽象／功能詞，合理),,
w_545afde9b53e3867,eat,吃,U34 T17,1f37d-fe0f,有,dish / tray / food,歧義(共用同圖),S2,dish/tray/eat/food 四個詞共用同一張「碟＋刀叉」圖
w_3a555e86bc51b778,meat,肉,U34,,無,,無圖(具體可畫，建議補圖),,
w_66a9503f8e4c8090,beach,海灘,U34,1f3d6-fe0f,有,,OK,,
w_0e29b801b697e61d,boat,船,U35,26f5,有,,OK,,
w_edda4c7f504a5ff0,coat,外套,U35 T07,1f9e5,有,hood,歧義(共用同圖),S3,coat/hood 同圖
w_428f24ef710ae310,goat,山羊,U35 T04,1f410,有,,OK,,
w_fe394d0fffa23aec,road,路,U35,1f6e3-fe0f,有,,OK,,
w_ffb143ead66ed97e,soap,肥皂,U35 T09,1f9fc,有,wash,歧義(共用同圖),S3,soap/wash 同圖(動詞用物件代替)
w_53250f8c44eed61e,toast,多士,U35,1f35e,有,bread,歧義(共用同圖),S3,bread/toast 同圖，多士圖沒有烘烤
w_828bbacb3bf2c73a,float,浮起,U35,,無,,無圖(抽象／功能詞，合理),,
w_eba608726c0e03b5,coach,教練,U35,,無,,無圖(具體可畫，建議補圖),,
w_365c4c22d8069c78,slow,慢的,U36,,無,,無圖(抽象／功能詞，合理),,
w_617ea46b99a2bcc0,grow,生長,U36,,無,,無圖(抽象／功能詞，合理),,
w_f020b6a5d93d2ea1,show,展示,U36,,無,,無圖(抽象／功能詞，合理),,
w_1257a7e2cda324a8,blow,吹,U36,,無,,無圖(抽象／功能詞，合理),,
w_3bfa8333f57eb7a9,yellow,黃色的,U36,,無,,無圖(抽象／功能詞，合理),,
w_dea259fcc4f12842,window,窗,U36 T09,1fa9f,有,,OK,,
w_9b2c740bca858775,pillow,枕頭,U36,,無,,無圖(具體可畫，建議補圖),,
w_4b8ea691c1ede886,night,夜晚,U37,1f303,有,,OK,,
w_d5bc383630a5a87d,light,燈光,U37,1f4a1,有,,OK,,
w_98a0044a8b847837,right,右邊,U37,,無,,無圖(抽象／功能詞，合理),,
w_88907874a459647a,bright,明亮的,U37,,無,,無圖(抽象／功能詞，合理),,
w_c19f9ed385ca17fc,sight,視野,U37,,無,,無圖(抽象／功能詞，合理),,
w_84fca02c23237da9,tight,緊的,U37,,無,,無圖(抽象／功能詞，合理),,
w_4d1e50b7804487ad,high,高的,U37,,無,,無圖(抽象／功能詞，合理),,
w_4d5758b1f4dbfae8,flight,飛行,U37,,無,,無圖(抽象／功能詞，合理),,
w_a1ab20b51f57e094,pie,批,U38,1f967,有,,OK,,
w_ca4e26b9f2806ec9,tie,領帶,U38,1f454,有,shirt,歧義(共用同圖),S3,tie/shirt 同為「襯衫＋領帶」圖，分不出是哪一樣
w_20e66b3da20ba9b4,lie,躺,U38,,無,,無圖(抽象／功能詞，合理),,
w_a0569cab5dc1f79d,die,骰子（單數）,U38,,無,,無圖(具體可畫，建議補圖),,
w_b77210721b063536,cried,哭過,U38,,無,,無圖(抽象／功能詞，合理),,
w_2ddfd76d549ed3c9,tried,嘗試過,U38,,無,,無圖(抽象／功能詞，合理),,
w_847dad07d00294e6,dried,弄乾了,U38,,無,,無圖(抽象／功能詞，合理),,
w_5f948223904a0a1f,flies,蒼蠅（複數）,U38,,無,,無圖(具體可畫，建議補圖),,
w_edeb88da33931e8f,moon,月亮,U39 T11,1f319,有,,OK,,
w_fe91213c33563e58,food,食物,U39,1f37d-fe0f,有,dish / tray / eat,歧義(共用同圖),S2,dish/tray/eat/food 四個詞共用同一張「碟＋刀叉」圖
w_7b5572b29ab902bf,boot,靴,U39,1f462,有,,OK,,
w_86e4f3d7a941704f,room,房間,U39,,無,,無圖(具體可畫，建議補圖),,
w_6efe8e55e81a2096,zoo,動物園,U39,,無,,無圖(具體可畫，建議補圖),,
w_75d090cfdab3745d,pool,水池,U39,,無,,無圖(具體可畫，建議補圖),,
w_fcff2c2bb1d4acd1,school,學校,U39 T12,1f3eb,有,,文化或本地化,S3,日式校舍圖(🏫)
w_da62438ef2d78cf1,book,書,U40 T08,1f4d8,有,,OK,,
w_33c3d99ce985e648,look,看,U40 T17,1f440,有,,OK,,
w_c04f9aa63d078c84,cook,煮食,U40 T18,1f373,有,pan,歧義(共用同圖),S3,動詞 cook 與 pan 同圖
w_f040be1a9d40251a,good,好的,U40,,無,,無圖(抽象／功能詞，合理),,
w_824019be22554bc4,foot,腳,U40,1f9b6,有,feet,OK,,
w_19e27a758460c64d,wood,木材,U40,1fab5,有,log,歧義(共用同圖),S3,log/wood 同一張樹幹圖
w_9f6feed3fd49df7e,wool,羊毛,U40,,無,,無圖(具體可畫，建議補圖),,
w_874029de0edd448c,hood,衣服風帽,U40,1f9e5,有,coat,錯配,S2,「衣服風帽」用了外套圖(🧥)，圖中沒有風帽；與 coat 同圖
w_cb066042655ee7af,coin,硬幣,U41,1fa99,有,,OK,,
w_f517385c2e2076ff,soil,泥土,U41,,無,,無圖(具體可畫，建議補圖),,
w_91d5c525b9b6c350,boil,煮沸,U41,,無,,無圖(抽象／功能詞，合理),,
w_8ea913cc8fb34b9a,join,加入,U41,,無,,無圖(抽象／功能詞，合理),,
w_d82df974aab06f52,point,指向,U41,,無,,無圖(抽象／功能詞，合理),,
w_b12014e216b43ced,boy,男孩,U41,1f466,有,,OK,,
w_7306eaf1a23a2508,toy,玩具,U41 U49,1f9f8,有,teddy bear,歧義(圖偏窄),S3,「玩具」只畫一隻泰迪熊(與 teddy bear 同圖)
w_7d99a381d04e4b6c,joy,喜悅,U41,,無,,無圖(抽象／功能詞，合理),,
w_063e39850c9805d1,out,外面,U42,,無,,無圖(抽象／功能詞，合理),,
w_3405919ae0dbd336,loud,大聲的,U42,,無,,無圖(抽象／功能詞，合理),,
w_df24c457d0840642,house,房屋,U42 T12,1f3e0,有,home,歧義(共用同圖),S3,home/house 同圖
w_1e9ff9a11056e747,mouse,老鼠,U42 T04,1f401,有,,OK,,
w_21ef97968aca71a4,cow,牛,U42 T04,1f404,有,,OK,,
w_af095f5ae0171090,now,現在,U42,,無,,無圖(抽象／功能詞，合理),,
w_84e975111fb7700a,brown,啡色的,U42,,無,,無圖(抽象／功能詞，合理),,
w_02486dfb966b14cc,car,車,U43,1f697,有,,OK,,
w_0438882b80ec43a7,park,公園,U43 T12,1f3de-fe0f,有,,文化或本地化,S3,「公園」用國家公園山谷風景(🏞)，與香港孩子熟悉的公園／遊樂場不同
w_1c26c7405720f537,farm,農場,U43,,無,,無圖(具體可畫，建議補圖),,
w_7320a9a3f723ece8,arm,手臂,U43,,無,,無圖(具體可畫，建議補圖),,
w_d391f2a39c24d3a5,card,卡,U43,,無,,無圖(具體可畫，建議補圖),,
w_78f51e6be27222b0,dark,黑暗的,U43,,無,,無圖(抽象／功能詞，合理),,
w_2b49d477c92261c9,fork,叉,U44,1f374,有,,OK,,
w_34cbd895842ff5d5,short,短的,U44 T19,,無,,無圖(抽象／功能詞，合理),,
w_6a2670c9c432d1da,horse,馬,U44 T04,1f40e,有,,OK,,
w_601bb98833d39832,corn,粟米,U44 T02,1f33d,有,,OK,,
w_7fe2dbfc59dbe626,born,出生的,U44,,無,,無圖(抽象／功能詞，合理),,
w_980ba03407aa5644,storm,暴風雨,U44,26c8-fe0f,有,,OK,,
w_1b2b8ecf34bc0c9f,sport,運動,U44,,無,,無圖(抽象／功能詞，合理),,
w_c65700ed7f9b3869,north,北方,U44,,無,,無圖(抽象／功能詞，合理),,
w_0878bcb05ed6504d,her,她（受詞）,U45,,無,,無圖(抽象／功能詞，合理),,
w_3fe25346da7efdef,fern,蕨類,U45,,無,,無圖(具體可畫，建議補圖),,
w_44616fe940c34a0e,term,學期,U45,,無,,無圖(抽象／功能詞，合理),,
w_a52ed52db3131d4a,bird,鳥,U45,1f426,有,,OK,,
w_672b721728fd762a,girl,女孩,U45,1f467,有,,OK,,
w_48b0eb11d80b33c4,shirt,恤衫,U45 T07,1f454,有,tie,歧義(共用同圖),S3,tie/shirt 同為「襯衫＋領帶」圖，分不出是哪一樣
w_dc02beaa1c57948f,nurse,護士,U45,1f469-200d-2695-fe0f,有,,歧義(圖偏泛),S3,「護士」圖是穿白袍戴聽筒的醫護(👩‍⚕)，易被當成醫生
w_bd49337f0df842e8,turn,轉向,U45,,無,,無圖(抽象／功能詞，合理),,
w_305545e3fe998404,air,空氣,U46,,無,,無圖(抽象／功能詞，合理),,
w_9d83b9fb8cecd279,hair,頭髮,U46,,無,,無圖(具體可畫，建議補圖),,
w_5353240fdf73e0d8,pair,一對,U46,,無,,無圖(具體可畫，建議補圖),,
w_e20e3c01fa85b692,chair,椅子,U46 T09,1fa91,有,,OK,,
w_a5d8e3ff6889f1ae,stairs,樓梯,U46,,無,,無圖(具體可畫，建議補圖),,
w_b6c4a6ef202ac192,fair,公平的,U46 U53,,無,,無圖(抽象／功能詞，合理),,
w_5f2ca464f2ac0f6b,repair,修理,U46,,無,,無圖(抽象／功能詞，合理),,
w_cefff80a271a3f60,airport,機場,U46,,無,,無圖(具體可畫，建議補圖),,
w_77e7256b08900e48,ear,耳,U47,,無,,無圖(具體可畫，建議補圖),,
w_8be45b4aa6fd1b09,hear,聽見,U47 U58,,無,,無圖(抽象／功能詞，合理),,
w_1ecddbe4fd620297,near,近的,U47 T19,,無,,無圖(抽象／功能詞，合理),,
w_c2de0bb888d68dbd,dear,親愛的,U47,,無,,無圖(抽象／功能詞，合理),,
w_75a487b819c6d551,clear,清楚的,U47,,無,,無圖(抽象／功能詞，合理),,
w_a1f761846b4098bc,year,年,U47,,無,,無圖(抽象／功能詞，合理),,
w_5832bdd24c4f65be,fear,害怕,U47,,無,,無圖(抽象／功能詞，合理),,
w_2f79ed709dde5486,beard,鬍鬚,U47,,無,,無圖(具體可畫，建議補圖),,
w_236754a0d6b88743,cats,貓（複數）,U48,1f408,有,cat,單複數不符,S3,複數詞配單一物件圖
w_1f2ffa07b5d7cc96,dogs,狗（複數）,U48,1f415,有,dog,單複數不符,S3,複數詞配單一物件圖
w_fe51b28cb8d3a0b5,bus,巴士,U48 T10,1f68c,有,buses,OK,,
w_1af8c2da78462c5e,buses,巴士（複數）,U48,1f68c,有,bus,單複數不符,S3,複數詞配單一物件圖
w_03e50f8a09e37db8,box,盒,U48,,無,,無圖(具體可畫，建議補圖),,
w_aa7b0c6ad1d12781,boxes,盒（複數）,U48,1f4e6,有,,單複數不符,S3,複數詞配單一物件圖
w_bdb38907d87a419d,baby,嬰兒,U49,,無,,無圖(具體可畫，建議補圖),,
w_1b42a36060dea201,babies,嬰兒（複數）,U49,1f476,有,,單複數不符,S3,複數詞配單一物件圖
w_ddaa09a61c9fdafd,city,城市,U49,,無,,無圖(具體可畫，建議補圖),,
w_2cb158d75ab73ae9,cities,城市（複數）,U49,,無,,無圖(具體可畫，建議補圖),,
w_f21a7cf2c8956477,puppy,小狗,U49,,無,,無圖(具體可畫，建議補圖),,
w_8ce729ab34641202,puppies,小狗（複數）,U49,1f436,有,,單複數不符,S3,複數詞配單一物件圖
w_57712cc2a3891af7,toys,玩具（複數）,U49,,無,,無圖(具體可畫，建議補圖),,
w_387e117be5906191,played,玩（play 的過去式）,U50,,無,,無圖(抽象／功能詞，合理),,
w_588a56ecd9739737,walk,步行,U50 T17,1f6b6,有,,OK,,
w_54c689c903e0613b,walked,步行（walk 的過去式）,U50,,無,,無圖(抽象／功能詞，合理),,
w_2841491ed15c2417,want,想要,U50,,無,,無圖(抽象／功能詞，合理),,
w_b59c618a6ee70cd8,wanted,想要（want 的過去式）,U50,,無,,無圖(抽象／功能詞，合理),,
w_c0bd028e358d8b0c,jumped,跳（jump 的過去式）,U50,,無,,無圖(抽象／功能詞，合理),,
w_69a5c7793ed7d256,playing,正在玩,U51,,無,,無圖(抽象／功能詞，合理),,
w_6f2441204118b890,make,製作,U51,,無,,無圖(抽象／功能詞，合理),,
w_df7e9832e6d8982a,making,正在製作,U51,,無,,無圖(抽象／功能詞，合理),,
w_396cf916245517f0,running,正在跑,U51,1f3c3,有,run,歧義(共用同圖),S3,原形與進行式同圖(可接受)
w_a96b0f5d701a6e28,swimming,正在游泳,U51,1f3ca,有,swim,歧義(共用同圖),S3,原形與進行式同圖(可接受)
w_cccb5c664f4fc55c,smaller,較小的,U52,,無,,無圖(抽象／功能詞，合理),,
w_9bd42857fec5075b,smallest,最小的,U52,,無,,無圖(抽象／功能詞，合理),,
w_8ac50b115e3b35b7,bigger,較大的,U52,,無,,無圖(抽象／功能詞，合理),,
w_ab473523473b9bdb,biggest,最大的,U52,,無,,無圖(抽象／功能詞，合理),,
w_48c6d04ae24c9e35,tall,高的,U52 T19,,無,,無圖(抽象／功能詞，合理),,
w_abb3e912b2af3041,taller,較高的,U52,,無,,無圖(抽象／功能詞，合理),,
w_20162455cb0ef8c1,happy,開心的,U53 T16,1f60a,有,smile,歧義(共用同圖),S3,smile/happy 同圖(😊)
w_987f319b5674c453,unhappy,不開心的,U53,,無,,無圖(抽象／功能詞，合理),,
w_bfb285e561c52db6,kind,友善的,U53 T16,,無,,無圖(抽象／功能詞，合理),,
w_28f9eda67caf4137,unkind,不友善的,U53,,無,,無圖(抽象／功能詞，合理),,
w_d40dbf511b1b5c09,unfair,不公平的,U53,,無,,無圖(抽象／功能詞，合理),,
w_0704f726737ef269,safe,安全的,U53,,無,,無圖(抽象／功能詞，合理),,
w_9fee87f3ba9cdc62,unsafe,不安全的,U53,,無,,無圖(抽象／功能詞，合理),,
w_2f26a0e84db9ccc5,read,閱讀,U54,,無,,無圖(抽象／功能詞，合理),,
w_6e6510cd24396141,reread,重讀,U54,,無,,無圖(抽象／功能詞，合理),,
w_97f13ad49df5e302,use,使用,U54,,無,,無圖(抽象／功能詞，合理),,
w_8fc0ccc1fb788897,reuse,再使用,U54,,無,,無圖(抽象／功能詞，合理),,
w_1f2d211fa4f5d361,write,寫,U54 T17,270d-fe0f,有,,OK,,
w_5975843fdd9749fd,rewrite,重寫,U54,,無,,無圖(抽象／功能詞，合理),,
w_08c9f17cfcd69e01,build,建造,U54,,無,,無圖(抽象／功能詞，合理),,
w_33a7a52a0c1de37b,rebuild,重建,U54,,無,,無圖(抽象／功能詞，合理),,
w_461bfc4f74f5712b,sunflower,向日葵,U55,1f33b,有,,OK,,
w_763c429c7faa6e3c,raincoat,雨衣,U55,,無,,無圖(具體可畫，建議補圖),,
w_cdc600ae1c7bd45c,playground,遊樂場,U55,,無,,無圖(具體可畫，建議補圖),,
w_1147d8d81c90eb49,bedroom,睡房,U55,1f6cf-fe0f,有,bed,歧義(共用同圖),S3,bed/bedroom 同圖
w_cb1d100677d597f6,toothbrush,牙刷,U55 T09,1faa5,有,,OK,,
w_646ce14df4def81a,football,足球,U55 T14,26bd,有,,OK,,
w_f9f8c46a328b4087,rainbow,彩虹,U55 T11,1f308,有,,OK,,
w_45e7ddbc19c11bf8,notebook,筆記簿,U55 T08,1f4d3,有,,OK,,
w_3a9a4f7c95d1d8ab,have,有,U56,,無,,無圖(抽象／功能詞，合理),,
w_c20b492755ed56f8,give,給,U56,,無,,無圖(抽象／功能詞，合理),,
w_cec989584caff04a,love,喜愛,U56,,無,,無圖(抽象／功能詞，合理),,
w_a7d807be7d100a6d,one,一,U56,31-fe0f-20e3,有,,OK,,
w_57aafabd04e87c73,come,來,U56,,無,,無圖(抽象／功能詞，合理),,
w_1dd5bbab44347817,some,一些,U56,,無,,無圖(抽象／功能詞，合理),,
w_b322910ceed2167f,said,說過,U56,,無,,無圖(抽象／功能詞，合理),,
w_251156ec12e521bf,does,做（第三人稱）,U56,,無,,無圖(抽象／功能詞，合理),,
w_3acbe72ed3407cc6,head,頭,U57,,無,,無圖(具體可畫，建議補圖),,
w_d1a24a0f413fc880,great,很棒的,U57,,無,,無圖(抽象／功能詞，合理),,
w_eac3d25b44bed067,break,休息,U57,,無,,無圖(抽象／功能詞，合理),,
w_7c0add81c5f9dfab,steak,牛扒,U57,,無,,無圖(具體可畫，建議補圖),,
w_3cfbb1f55b410caf,two,二,U58,32-fe0f-20e3,有,,OK,,
w_29dd6440820ffa3b,too,也,U58,,無,,無圖(抽象／功能詞，合理),,
w_c0b6ed945ccb623c,their,他們的,U58,,無,,無圖(抽象／功能詞，合理),,
w_8a7ed42788da516b,here,這裡,U58,,無,,無圖(抽象／功能詞，合理),,
w_260e557dd5c3b525,Monday,星期一,U59,,無,,無圖(抽象／功能詞，合理),,
w_0c49467bdc6f0b15,Friday,星期五,U59,,無,,無圖(抽象／功能詞，合理),,
w_1dd34c729618a3cc,Sunday,星期日,U59,,無,,無圖(抽象／功能詞，合理),,
w_80e58a15bbdc05c2,English,英語,U59,,無,,無圖(抽象／功能詞，合理),,
w_3d0dbd0e68767a9c,Tom,湯姆（示例名）,U59,,無,,無圖(抽象／功能詞，合理),,
w_c3aebd69125399d7,May,五月,U59,,無,,無圖(抽象／功能詞，合理),,
w_94d9d8c1b2160ce7,Hong Kong,香港,U59,,無,,無圖(抽象／功能詞，合理),,
w_6b7e36b30f2b8057,I'm,我是（縮寫）,U60,,無,,無圖(抽象／功能詞，合理),,
w_fbeb3ba65a1981ec,don't,不要或不（縮寫）,U60,,無,,無圖(抽象／功能詞，合理),,
w_addf67706ae89202,can't,不能（縮寫）,U60,,無,,無圖(抽象／功能詞，合理),,
w_7d65185a84b445ca,it's,它是或它有（縮寫）,U60,,無,,無圖(抽象／功能詞，合理),,
w_6262dee0382b501c,let's,讓我們（縮寫）,U60,,無,,無圖(抽象／功能詞，合理),,
w_7a124cfb0c35e6e1,we're,我們是（縮寫）,U60,,無,,無圖(抽象／功能詞，合理),,
w_63e674cf45f1063c,isn't,不是（縮寫）,U60,,無,,無圖(抽象／功能詞，合理),,
w_a75b98413d2a8f69,you're,你是（縮寫）,U60,,無,,無圖(抽象／功能詞，合理),,
w_beecf420f3ac4889,apple,蘋果,T01,1f34e,有,,OK,,
w_245671195b77042c,banana,香蕉,T01,1f34c,有,,OK,,
w_fdc65ea49b5528a2,orange,橙,T01,1f34a,有,,OK,,
w_d7d83bb3836757eb,pear,梨,T01,1f350,有,,OK,,
w_86e53849dbe96ba0,grape,提子（單顆）,T01,1f347,有,,單複數不符,S3,「提子（單顆）」圖是一串提子
w_79dfb77e8b8cc03f,strawberry,士多啤梨,T01,1f353,有,,OK,,
w_bd775306247272f5,watermelon,西瓜,T01,1f349,有,,OK,,
w_4573db12440c199c,lemon,檸檬,T01,1f34b,有,,OK,,
w_d1ab860c92f3a8c1,pineapple,菠蘿,T01,1f34d,有,,OK,,
w_8eca4bc3def52434,peach,桃,T01,1f351,有,,文化或本地化,S3,🍑 在網絡上常有「臀部」的雙關用法；對兒童產品建議換圖
w_750a14c34267dbbb,cherry,車厘子（單顆）,T01,1f352,有,,單複數不符,S3,「車厘子（單顆）」圖是兩顆
w_0a2d403c14336607,mango,芒果,T01,1f96d,有,,OK,,
w_cce98b98d31e0d26,carrot,紅蘿蔔,T02,1f955,有,,OK,,
w_0941dbfc988751f4,potato,薯仔,T02,1f954,有,,OK,,
w_e53d8bb4c3851ce0,tomato,番茄,T02,1f345,有,,OK,,
w_12ab1e2bd5b12351,broccoli,西蘭花,T02,1f966,有,,OK,,
w_3a2aa0501aae40a6,cucumber,青瓜,T02,1f952,有,,OK,,
w_56c7c7a608ac54df,onion,洋蔥,T02,1f9c5,有,,OK,,
w_7a3bbd76b92eb207,noodles,麵條,T02,1f35c,有,,OK,,
w_d9dfbba3abcea4bf,sandwich,三文治,T02,1f96a,有,,OK,,
w_048df27f269933ee,pizza,薄餅,T02,1f355,有,,OK,,
w_9a5ce56caa5d21ab,salad,沙律,T02,1f957,有,,OK,,
w_f1b500cbd750efd7,milk,牛奶,T03,1f95b,有,,OK,,
w_d6e2e671fca1f78d,water,水,T03,1f4a7,有,,OK,,
w_5beac5305c353aa2,juice,果汁,T03,1f9c3,有,,OK,,
w_c333ec364f44a8ee,egg,雞蛋,T03,1f95a,有,,OK,,
w_1887ee7c1043e10f,cheese,芝士,T03,1f9c0,有,,OK,,
w_bae5e0b21594a263,butter,牛油,T03,1f9c8,有,,OK,,
w_c0f5a38ce127ff96,honey,蜜糖,T03,1f36f,有,,OK,,
w_56a0991a255a4f73,pancake,班戟（單塊）,T03,1f95e,有,,OK,,
w_bab24135b9b5a4c4,cookie,曲奇餅（單塊）,T03,1f36a,有,,OK,,
w_60ee00a841fad366,ice cream,雪糕,T03,1f366,有,,OK,,
w_17ef24c2fb70cc53,rooster,公雞,T04,1f413,有,,OK,,
w_17b221da2a45bcdf,rabbit,兔,T04,1f407,有,,OK,,
w_922af3608b0c4875,lion,獅子,T05,1f981,有,,OK,,
w_287c597108ae2459,tiger,老虎,T05,1f405,有,,OK,,
w_437b2b025033f70a,giraffe,長頸鹿,T05,1f992,有,,OK,,
w_803f4ac98c9644e4,zebra,斑馬,T05,1f993,有,,OK,,
w_872583d9a285b69e,monkey,猴子,T05,1f412,有,,OK,,
w_adeda3461b2c1e98,panda,熊貓,T05,1f43c,有,,OK,,
w_316e0c473172646d,bear,熊,T05,1f43b,有,,OK,,
w_e80eb675ffc8fab1,fox,狐狸,T05,1f98a,有,,OK,,
w_a832fa364055142b,deer,鹿,T05,1f98c,有,,OK,,
w_2a3d307a5b6818fe,kangaroo,袋鼠,T05,1f998,有,,OK,,
w_323d409caf512474,koala,樹熊,T05,1f428,有,,OK,,
w_5e28ba912a92c794,whale,鯨魚,T06,1f40b,有,,OK,,
w_e2cac0ebb231667c,octopus,八爪魚,T06,1f419,有,,OK,,
w_5af0a508e28320b4,turtle,龜,T06,1f422,有,,OK,,
w_38a76bb83649767d,butterfly,蝴蝶,T06,1f98b,有,,OK,,
w_0ce4776fc9928c5a,ant,螞蟻,T06,1f41c,有,,OK,,
w_9f3d4e186a345ea4,ladybird,瓢蟲,T06,1f41e,有,,OK,,
w_4915cd0268d074d0,jeans,牛仔褲,T07,1f456,有,,OK,,
w_9fcb6e1ad62d407f,sock,襪（單隻）,T07,1f9e6,有,,單複數不符,S3,「襪（單隻）」圖是一對襪
w_ef10d118c3df43e6,shoe,鞋（單隻）,T07,1f45f,有,,OK,,
w_010c994a05456149,boot,靴（單隻）,T07,1f462,有,,OK,,
w_991e6bedba85cf8c,scarf,頸巾,T07,1f9e3,有,,OK,,
w_268a5bc822d2d6f5,glove,手套（單隻）,T07,1f9e4,有,,單複數不符,S3,「手套（單隻）」圖是一雙手套
w_5c7eb5f29f9e9d12,umbrella,雨傘,T07,2602-fe0f,有,,OK,,
w_c35a51ef4c6ad9e0,pencil,鉛筆,T08,270f-fe0f,有,,OK,,
w_82a9c292a2fff67c,ruler,間尺,T08,1f4cf,有,,OK,,
w_7272d9509e42930a,scissors,剪刀,T08,2702-fe0f,有,cut,OK,,
w_80878332f0b49ad0,schoolbag,書包,T08,1f392,有,,OK,,
w_73a0affe51b2fbc0,paper,紙,T08,1f4c4,有,,OK,,
w_6ec9515d62f5085b,crayon,蠟筆,T08,1f58d-fe0f,有,,OK,,
w_68bcb8245f34aa9f,paintbrush,畫筆,T08,1f58c-fe0f,有,brush / paint,歧義(共用同圖),S3,brush/paintbrush/paint 同一張畫筆圖(paint 為動詞「用顏料畫」)
w_f33d06e8ef2d5d18,calculator,計數機,T08,,無,,無圖(具體可畫，建議補圖),,
w_fc85c35d8311302d,computer,電腦,T08,1f4bb,有,,OK,,
w_c88591494ca4ea39,door,門,T09,1f6aa,有,,OK,,
w_5bbb65c5daaee51c,key,鎖匙,T09,1f511,有,,OK,,
w_392df01e33bce53e,mirror,鏡,T09,1fa9e,有,,OK,,
w_53d188977b4dae20,basket,籃,T09,1f9fa,有,,OK,,
w_e43164745dc540c6,sponge,海綿,T09,1f9fd,有,,OK,,
w_a077ddcd3f016e0b,bucket,水桶,T09,1faa3,有,,OK,,
w_347837b572819697,car,私家車,T10,1f697,有,,OK,,
w_0efa507fbfd79e8e,tram,電車,T10,1f68b,有,,OK,,
w_37668a5d61958889,taxi,的士,T10,1f695,有,,文化或本地化,S3,「的士」用黃色計程車；香港的士是紅／綠／藍色
w_31b71f4da3855257,bicycle,單車,T10,1f6b2,有,bike,歧義(共用同圖),S3,bike/bicycle 同圖(同義，可接受)
w_4848fff2d007ac00,lorry,貨車（英式用詞）,T10,1f69a,有,truck,歧義(共用同圖),S3,truck/lorry 同圖(英美同義，可接受)
w_b1f1495bcb68c8f4,ambulance,救護車,T10,1f691,有,,OK,,
w_2b783677c1357e84,fire engine,消防車,T10,1f692,有,,OK,,
w_4d9e353759c8bee8,aeroplane,飛機（英式用詞）,T10,2708-fe0f,有,,OK,,
w_a7ee092c522da462,helicopter,直升機,T10,1f681,有,,OK,,
w_f19d216790493ef9,boat,小船,T10,26f5,有,,OK,,
w_7dd58793293f963d,flower,花,T11,1f33c,有,,OK,,
w_1888f16728811daa,mountain,山,T11,26f0-fe0f,有,,OK,,
w_86b9dfbed26a856a,volcano,火山,T11,1f30b,有,,OK,,
w_26587e73a5ab5b1e,hospital,醫院,T12,1f3e5,有,,OK,,
w_bbdfffda2707a076,bank,銀行,T12,1f3e6,有,,文化或本地化,S3,「銀行」圖有美元 $ 標誌
w_a108adadc095efac,hotel,酒店,T12,1f3e8,有,,OK,,
w_92c084346ad2c974,factory,工廠,T12,1f3ed,有,,OK,,
w_5a65db7be780b67b,castle,城堡,T12,1f3f0,有,,OK,,
w_f2b9f751c2622e19,bridge,橋,T12,1f309,有,,文化或本地化,S3,「橋」用夜間金門大橋式吊橋(🌉)
w_549e4b29eb51716b,beach,沙灘,T12,1f3d6-fe0f,有,,OK,,
w_fabfea28b8a32333,island,島,T12,1f3dd-fe0f,有,,OK,,
w_5b3a837105b8c237,eye,眼睛（單隻）,T13,1f441-fe0f,有,,OK,,
w_7fe9a760d8246180,ear,耳朵（單隻）,T13,1f442,有,listen,歧義(共用同圖),S3,ear/listen 同圖
w_2f1fbcda484febcf,mouth,口,T13,1f444,有,lip,歧義(共用同圖),S3,lip/mouth 同圖
w_f5630b365b5a6bc0,tooth,牙齒（單顆）,T13,1f9b7,有,teeth,OK,,
w_d677f9ced6567dc1,tongue,舌頭,T13,1f445,有,,OK,,
w_44875b5f3375c279,foot,腳（單隻）,T13,1f9b6,有,feet,OK,,
w_efd26f4c8414afe0,brain,腦,T13,1f9e0,有,,OK,,
w_42f7ee9f7cb558eb,heart,心臟,T13,1fac0,有,,文化或本地化,S3,「心臟」用解剖式心臟圖(🫀)，較寫實，部分孩子可能不安；亦與愛心符號混淆
w_c5888dc01ef631b2,basketball,籃球,T14,1f3c0,有,,OK,,
w_8351f5c83e76ecfc,tennis,網球運動,T14,1f3be,有,,OK,,
w_17a61fc0b661758b,badminton,羽毛球運動,T14,1f3f8,有,,OK,,
w_f869ddf1c2a23e08,baseball,棒球,T14,26be,有,,OK,,
w_14c7e7f5f51f9dea,rugby,欖球運動,T14,1f3c9,有,,OK,,
w_9c75077650d80ef5,balloon,氣球,T14,1f388,有,,OK,,
w_c99c5b04b9718700,teddy bear,玩具熊,T14,1f9f8,有,toy,OK,,
w_e8f943da2c5fc276,skateboard,滑板,T14,1f6f9,有,,OK,,
w_af5c110eced555a8,puzzle,拼圖,T14,1f9e9,有,,OK,,
w_4dcfd7fd7cd9716e,yo-yo,搖搖,T14,1fa80,有,,OK,,
w_426d44511f396e2f,guitar,結他,T15,1f3b8,有,,OK,,
w_602569f5749202f2,violin,小提琴,T15,1f3bb,有,,OK,,
w_e142e19cc44e6650,trumpet,小號,T15,1f3ba,有,,OK,,
w_ea0d9be8e4b984e8,saxophone,色士風,T15,1f3b7,有,,OK,,
w_1feea7fe5a680c0f,piano,鋼琴,T15,1f3b9,有,,OK,,
w_6766d1312a663f52,microphone,咪高峰,T15,1f3a4,有,sing,OK,,
w_f7aa3fa6f3449667,headphones,耳筒,T15,1f3a7,有,,OK,,
w_3bc81576865e5c17,camera,相機,T15,1f4f7,有,,OK,,
w_3df031af9dde90f4,palette,調色碟,T15,1f3a8,有,,OK,,
w_a20d6e6d46587803,film,影片,T15,1f39e-fe0f,有,,OK,,
w_96b3671cc3c62779,ticket,門票,T15,1f39f-fe0f,有,,OK,,
w_25bf041ff1858e5a,angry,生氣的,T16,1f620,有,,OK,,
w_47b0a8965c052a13,tired,疲倦的,T16,1f634,有,sleep,OK,,
w_31f101882036c39e,surprised,驚訝的,T16,1f62e,有,,OK,,
w_ab791d1878aec444,worried,擔心的,T16,1f61f,有,,OK,,
w_7d8b9a1a79e2dc4a,cold,覺得冷的,T16,1f976,有,,OK,,
w_a102c8029c633fb3,hot,覺得熱的,T16,1f975,有,,OK,,
w_ef809c401863d492,quiet,安靜的,T16,1f92b,有,,OK,,
w_b7bc1a64569d6c83,brave,勇敢的,T16,,無,,無圖(抽象／功能詞，合理),,
w_06177a28e3bf3a82,careful,小心的,T16,,無,,無圖(抽象／功能詞，合理),,
w_7d7fad7100ed46f6,dance,跳舞,T17,1f483,有,,OK,,
w_f7cf7abeef170ab2,read,閱讀（原形）,T17,1f4d6,有,,OK,,
w_5acee6ce5e35c6c2,listen,聆聽,T17,1f442,有,ear,歧義(圖偏泛),S3,動詞 listen 用耳朵圖(與 ear 同圖)
w_62ca0b43fbdff4c3,clap,拍手,T18,1f44f,有,,OK,,
w_362a63bcb59b38b0,wave,揮手,T18,1f44b,有,,OK,,
w_44a61a13a566440d,wash,洗,T18,1f9fc,有,soap,歧義(共用同圖),S3,soap/wash 同圖(動詞用物件代替)
w_de72ac9229e05826,draw,畫,T18,,無,,無圖(抽象／功能詞，合理),,
w_cbb8b5a35dc75db2,paint,用顏料畫,T18,1f58c-fe0f,有,brush / paintbrush,歧義(共用同圖),S3,brush/paintbrush/paint 同一張畫筆圖(paint 為動詞「用顏料畫」)
w_8f767e6a4d9df135,carry,搬運,T18,,無,,無圖(抽象／功能詞，合理),,
w_6e29906ceac11930,open,打開,T18,,無,,無圖(抽象／功能詞，合理),,
w_66fb11f569f73952,close,關上,T18,,無,,無圖(抽象／功能詞，合理),,
w_041214d368166e90,help,幫助,T18,,無,,無圖(抽象／功能詞，合理),,
w_89f843d243f5d92b,share,分享,T18,,無,,無圖(抽象／功能詞，合理),,
w_dc3cfeff2ee604fe,wide,寬闊的,T19,,無,,無圖(抽象／功能詞，合理),,
w_899ad69be8c3e8cb,far,遠的,T19,,無,,無圖(抽象／功能詞，合理),,
w_9184020f31afee1f,inside,在裏面,T19,,無,,無圖(抽象／功能詞，合理),,
w_6cbdf3b87c063f99,outside,在外面,T19,,無,,無圖(抽象／功能詞，合理),,
w_fe8e2ffb10219739,above,在上方,T19,,無,,無圖(抽象／功能詞，合理),,
w_257b945830173d77,below,在下方,T19,,無,,無圖(抽象／功能詞，合理),,
w_1ecc240742a43145,morning,早上,T20,1f305,有,,OK,,
w_d0619d4415e3a5a3,afternoon,下午,T20,,無,,無圖(抽象／功能詞，合理),,
w_bf5461b6bc9da5e1,evening,傍晚,T20,,無,,無圖(抽象／功能詞，合理),,
w_ce280d9d754a3ee9,night,晚上,T20,1f303,有,,OK,,
w_267c340875cdf293,today,今天,T20,,無,,無圖(抽象／功能詞，合理),,
w_c397cf38cbe75676,tomorrow,明天,T20,,無,,無圖(抽象／功能詞，合理),,
w_2f5f8257b4df0100,yesterday,昨天,T20,,無,,無圖(抽象／功能詞，合理),,
w_aac15bdeaaf8cf1d,breakfast,早餐,T20,,無,,無圖(具體可畫，建議補圖),,
w_6abe886448241469,dinner,晚餐,T20,,無,,無圖(具體可畫，建議補圖),,
w_a86d9d7fc08b8e0f,weekend,週末,T20,,無,,無圖(抽象／功能詞，合理),,
w_79c97a59c218b46b,holiday,假期,T20,,無,,無圖(抽象／功能詞，合理),,
