id,severity,type,template_or_skill,original_text,suggestion,evidence
M-001,S1,課程覆蓋,79 個單元（64 個只有 1 個技能；P4–P6 共 41 單元只有 41 個技能）,單元 1N1…6D4 每單元僅 1–4 個技能、每技能固定 3 條模板；高小每單元只有 1 個「入門選段」。App 自身頁尾亦寫明「並非全套官方學習重點均已完成」。估算整體覆蓋約 17–29%，小四至小六約 13–24%（教師估算，未逐條對照官方文件）。,以「單元→學習重點」清單為單位重做題庫：每單元至少 4–8 個學習重點技能；先定出首批上線範圍（建議小一至小三「數」與「量度」），其餘標示「開發中」，不要以「小一至小六數學」宣傳。,report.md §2；data/coverage_est.json；shots/02_m390_catalog_p3.png
M-002,S1,課程覆蓋／題型,2N5.3-T1..T3、3N4.4-T1..T3（全庫僅此 6/366 條模板要求寫算式）,其餘 360 條模板只填答案；全庫沒有兩步或以上的應用題（高小單元如 6N4.R3「原價 70 元，減價 25%，售價多少元？」亦為單步）。香港小學評估普遍要求列式及單位。,為每個應用題單元補「列式＋計算＋答案句」題型，並建立多步（兩步、三步）題庫；先由小三至小六 N、M 範疇做起。,report.md §2、§6；data/review_all.txt
M-003,S1,答案顯示,4N7.R3、4N8.R3、5N4.R3、6M3.R3、6M5.R3、6N2.R3、6N3.R3、6N4.R3（各 T1–T3，共 24 條模板；其題目 960 題中有 814 題受影響）,答錯後「訂正」及解說一律以假分數顯示：「27% 化成小數是多少？」→「訂正：27/100／答案是 27/100」；「2.8 × 2 = ？」→ 28/5；「2.8 + 0.3 = ？」→ 31/10；圓周（直徑 3 厘米，π=3.14）→ 471/50；圓面積（半徑 2 厘米）→ 314/25；「原價 70 元減價 25%」→ 105/2 元。,答案顯示須跟題目要求的數制：小數題顯示小數（保留合適小數位）、金錢顯示「52.5 元」或「52.50 元」、百分數題顯示百分數。於 q.answer 之外增設 displayAnswer，並以自動測試鎖定。,shots/30_m390_wrong_6N3_percent_to_decimal.png、30_m390_wrong_5N4_decimal_mult.png、30_m390_wrong_4N8_decimal_add.png；tools/walk11.py
M-004,S1,答案顯示／判卷自相矛盾,4N7.R3-T1..T3、6N2.R3-T1..T3、6N3.R3-T1..T3（formats = decimal+integer）,題目要求「請用小數」，判卷只收小數或整數（輸入 19/100 會被拒：「請用題目指定的數字格式作答。」），但訂正答案卻顯示 19/100，學生照抄訂正答案反而被拒。,同 M-003；另外在提示中寫明小數位數要求。,data/marktest2.json（form=canonical，6N3.R3-T1、4N7.R3-T1 invalid）
M-005,S1,教學內容,全部 94 個 R3 普通數學技能（ID 含 .R3）,lesson.scene 句式相同：「〔技能名〕：先觀察資料或圖像，再決定方法。」（94/94）；lesson.explore 是同一句「在教具改變一項數量，觀察其他量如何改變。回到題目，圈出已知和未知。」（94/94）；lesson.reflection 為同一句通用語（94/94）。六階段課堂的「情境引入」「動手探索」「小結」實際沒有針對單元的教學。,每技能由教師撰寫：生活情境、一個有步驟的示範例（含圖或教具操作）、一至兩個常見錯誤及針對性講解；以人手審稿清單驗收。,shots/03_m390_lesson_stage0_scene.png、64_d1280_lesson_explore.png；data/ (WQMathData.skills[].lesson)
M-006,S1,提示／解說,282 條 R3 模板（全部）,四級提示中第 2 級「先寫下題目給出的數量，單位要一致。」及第 4 級「最後按同一方法計算，並檢查有沒有漏掉任何一項。」為所有 R3 模板共用的填充語（282/282）；解說有 243/282 為「提示三＋答案是 X」，沒有逐步推理（例：6N3.R3「把 27 除以100，不是除以10。 答案是 27/100。」）。,每模板撰寫具體的 4 級提示（觀察→策略→列式→完整解）及分步解說；提示 3 不應等於完整算式（4M1.R3 提示 3 已是「2 × (9 + 5)」）。,data/review_all.txt；shots/68_d1280_hints_open.png
M-007,S1,誤解診斷,全部 282 條 R3 模板（94 技能）,R3 模板 0/282 設有 distractors，系統只能回報「再看清楚題目」（RECHECK）；全庫僅 84 條基礎模板（28 技能）有 27 種誤解代碼；PROCESS、SIMPLIFY、UNIT 三個代碼未被任何模板使用。錯題本、家長報告因此永遠是「再看清楚題目」。,為每技能設計 2–4 個常見誤解（如分母相加、小數點對位、單位漏換），並對應針對性回饋及補救題。,shots/24_m390_oly_wrong_feedback.png、83_m390_parent_normal_card.png、84_m390_parent_mistakebook.png
M-008,S1,奧數內容,O-R3-L2/L3/L4-inverse、-count、-geometry、-logic、-applied（15 技能）,「基礎／進階／競賽練習」三層是同一 5 個題型（倒推、有序計數、方格長方形、抽屜原理、先假設），題集互為子集：count L2 的 16 題全部包含於 L3（50 題），L3 又全部包含於 L4（108 題）；geometry L3 與 L4 同為 25 題、完全相同；logic 8⊂15⊂24；applied 35⊂48⊂63。難度只靠放寬數字範圍；「競賽練習」最大題目是 4×4 格數長方形、10 輛車 32 個輪、5 種顏色取 4 個同色。,各級重寫題型與解法，不是放大數字：啟蒙→基礎→進階→競賽應有不同方法（例：雞兔同籠由圖解→假設法→方程；數長方形由 2×2→複合圖→公式）。,data/olympiad_mock_samples.txt；shots/94_d1280_olympiad_L4.png；report.md §7
M-009,S1,奧數覆蓋,思維之塔 20 技能 / 12 張策略卡,沒有和差／和倍／差倍、植樹、盈虧、行程（相遇、追及）、數字謎、容斥、奇偶、日曆週期等本地小學奧數核心題型；「找規律」只有 L1 的等差數列（O-CAL-pattern）。12 張策略卡中「奇偶分析」「找不變的量」「首尾配對」沒有任何技能可以獲得。,以題型清單（雞兔同籠、和差、植樹、盈虧、行程、規律、邏輯、鴿巢、圖形計數）規劃 P3–P6 各 2–3 級，每題型 ≥ 30 種不同題；未有技能支持的策略卡先下架。,report.md §7
M-010,S2,判卷,2N5.3-T1..T3、3N4.4-T1..T3（type=word）,"寫算式欄只認「單一算式」：「50−3×8」「50−(3×8)」「50−(8+8+8)」對；但分步寫法「3×8=24, 50−24=26」判錯（correct=false, credit 0.75）；「16+4=20」（補數法）亦判錯，而提示 4 正是教「可以從價錢逐步加到付款額」。答案正確但算式未對上也當作錯。",接受分步算式（逐行或以分號／逗號分隔）及補數法；算式錯而答案對時給「部分分」並以不扣掌握度的方式提示。,data/marktest3_word_expression.txt
M-011,S2,判卷,全部整數答案模板,帶單位的輸入（「7 個」「7元」「7cm」「7 厘米」）一律「無效」，只提示「請輸入整數、小數或分數，例如 1/2」；帶分數寫法「4又3/10」無效；不支援「約」或四捨五入。,自動剝除與題目單位相符的單位字；「又」可作帶分數連接；錯誤訊息改為針對性提示（例如「只填數字，單位不用寫」）。,data/marktest2.json
M-012,S2,判卷／課程,全部 366 條模板（simplest=false）,沒有任何模板要求最簡分數。小五「異分母分數相加」（5N2.R3）、分數乘除（5N3.R3、5N5.R3）、帶分數（4N6.R3）接受 2n/2d、3n/3d 形式（自動測試 10/10 個非最簡寫法被接受，含 5N2.R3、5N3.R3）。高小考試通常要求最簡。,按年級及單元設定 simplest 旗標（小三不要求、小五起要求），不最簡時提示「還可以約簡」而非判錯或判對。,data/marktest2.json（form=2n/2d、3n/3d）
M-013,S2,數值設計,6D1.R3-T1..T3,「三天借書數分別是 7、7、9 本，平均每天多少本？」答案 23/3（循環小數）；120 次抽樣中 76 題（63%）的平均數是循環小數，系統沒有「約」或四捨五入機制，學生只能輸入 23/3。,改為整除或有限小數結果；高小另設「取至一位小數」題型及相應判卷。,data/genreal_40.json.gz
M-014,S2,題庫變化,62/366 條模板（400 次抽樣少於或等於 10 種不同題）,13 條 ≤3 種，例：1M1.R3-T1、2D1.R3-T1、5S2.R3-T1、6M5.R3-T1、O-LOG-digits-T3 只有 2 種；O-LOG-digits 全技能三級共 8 題、5S2.R3 共 9 題、2D1.R3 共 15 題；17 個技能三級合共 ≤30 題。連做 5 題即會重複，易被背答案。,擴大參數範圍或加入情境變體；每模板目標 ≥ 40 種不同題，圖像題需同時變化圖與數字。,data/distinct_sig_400.json
M-015,S2,難度梯度,3N5.R3、5N2.R3、2M2.R3、1S1.R3、1S2.R3、1S3.R3、2S1.R3、2S2.R3、2S3.R3、2S4.R3、3S1.R3、3S2.R3、4S1.R3、4S3.R3、6S1.R3、6D4.R3（16 技能）,三級（入門／練熟／挑戰）產生的題集完全相同（同一批 stem＋答案）；例：2M2.R3 三級都是「鐘面顯示 6 點多少分？只填分鐘」＝30；圖形分類技能每技能只有 4 條題幹重覆用於三級。另有 44 技能相鄰級別重疊 ≥40%。,各級設不同認知要求（辨認→說明理由→應用），不要只換數字。,report.md §3、§5；shots/50_visuals_sheet3.png
M-016,S2,數值設計,2N6.2-T1、3N3.1-T1,「25 ÷ 5，商和餘數是多少？」入門級全部餘數為 0（各 40/40），學生被要求填「餘數 0」，容易形成「餘數必為 0」的錯誤印象。2N3.3-T1 有約 31% 題目含 ×0（「5 × 0」）。,入門級先用「有餘數」與「沒有餘數」混合；×0 另設概念題，不混入基本乘法。,data/genreal_40.json.gz
M-017,S2,流程,每日 10 題（planDaily）,按庫存次序而非年級挑題：小四新生的「今日 10 題」依次為 1N1.1 點數、1N1.5、1N2.2、1N3.2、1N4.1、1N4.4、2N1.2、2N1.3、2N2.1、2N2.3（全是小一至小二）；10 題全部固定難度 2，不隨掌握分數調整；起步測試結果不改變安排；家長不設「學校進度」就一直如此。,預設由年級單元起排；起步測試結果寫入起點；難度按掌握分數／近期正確率調整；並限制低年級內容比例。,tools/walk14.py；shots/70_d1280_daily_start.png、72_d1280_daily_end.png
M-018,S2,流程,基礎選題起步測試（diagnostic）、奧數模擬卷（mock）,起步測試為 15 題固定名單（5 題入門、5 題練熟、5 題挑戰），不自適應、無分數、無範疇地圖，結果只列 3 個「換個方法再學」技能；沒有單元測驗、沒有總結性測驗；奧數 10 題模擬卷亦無分數、無時限。小五學生的起步測試第 1 題是「數一數圓點」（小一）。,設單元測驗（10–15 題，有分數、有薄弱點、可列印）及按範疇的起步地圖；奧數模擬卷加入計時與評分標準（不冒充官方成績）。,shots/42_m390_diag_result.png、97_d1280_mock_result.png、92_d1280_diag_result.png
M-019,S2,流程,掌握度（isMastered）,每技能每個難度只有 1 條模板；以難度 2 連續答對，5 題得 79.97 分、6 題得 84.3 分，第 6 題即達 score ≥80 並完成「掌握」（再加近 5 題 ≥4 題答對），全程同一模板、無跨模板／遷移題；4/5 正確的一堂課得 ★★★（≥80% 三星，至少一星）。,掌握需包含不同模板及不同情境題；星星門檻與獎勵不要與掌握度混淆。,report.md §5（模擬計算）；shots/13_m390_lesson_summary.png
M-020,S2,家長報告,家長與進度頁,"普通數學只顯示「5 次獨立練習紀錄 · 已掌握 0 個入門技能」及一個弱項；沒有範疇×單元進度、課程覆蓋地圖、正確率趨勢（小一至三刻意不顯示百分比）、每單元建議；頁面約 6,400 px 長，大部分為 79 單元下拉及詞彙表。",加入按範疇／單元的進度圖、本週重點及建議練習、可列印／分享報告；把設定與報告分頁。,shots/16_m390_parent_math.png、83_m390_parent_normal_card.png、84_m390_parent_mistakebook.png
M-021,S2,圖像,3D1.R3、4D1.R3、5D1.R3、6D2.R3（棒形圖／折線圖），並影響 1M4.R3／2M2.R3／3M2.R3／3M4.R3 鐘面及 6M1.R3／2S2.R3 量角器刻度,"SVG 元素重覆寫了 stroke／stroke-width（例如格線 stroke=""#416975"" stroke-width=""3"" stroke=""#d6e0df"" stroke-width=""1""，鐘面及量角器刻度亦同），瀏覽器只採用第一組，結果格線與座標軸同樣粗黑，圖表擠迫（3D1.R3-T3 有 12 條粗線）；範本中 r3:clock、r3:angle、r3:angleClass、r3:bars、r3:groupBars、r3:line 共有 1,140 個重覆屬性元素；4D1.R3 各級格線密度不同。",修正 SVG 屬性；格線改淺灰細線；統一格線單位。,shots/50_visuals_sheet1.png、50_visuals_sheet4.png、50_visuals_sheet5.png
M-022,S2,圖像,2S4.R3-T3、3S1.R3-T2/T3、6S1.R3-T3,圖形旋轉 45°（或 30°）後被 SVG 視窗切走一角（長方形頂角、梯形底部被裁），學生看不到完整圖形。,按旋轉後外框計算 viewBox，或限制旋轉角。,shots/50_visuals_sheet7.png、50_visuals_sheet8.png
M-023,S2,圖像,5M1.R3-T1..T3（三角形面積）,「3 cm」標示放在右邊斜邊旁，而不是虛線高度旁，學生易誤以為是斜邊長度；三角形形狀在三級都相同，與數字（6／10／16 底）不成比例而沒有「圖未按比例」說明。,把高度標示貼近虛線；加「圖並非按實際比例繪畫」。,shots/50_visuals_sheet9.png
M-024,S2,圖像／題型,2D1.R3、6D3.R3、2S2.R3、5M2.R3、2S3.R3、4S3.R3,象形圖只有一行圓點、沒有「甲組」標籤，比例尺永遠是 1；圓形圖只有一個扇形（25% 固定）；2S2 角的圖以量角器顯示（小二尚未學量角器）且旋轉參數沒有影響圖像；5M2.R3 長方體高永遠是 1（體積＝面積）；2S3／4S3 指南針圖沒有標示所指方向。,依課程進度設計圖像；象形圖用多種比例及多行；圓形圖多扇形；長方體三維度可變。,shots/50_visuals_sheet1.png、50_visuals_sheet3.png、50_visuals_sheet5.png、50_visuals_sheet8.png
M-025,S2,教具,18 個使用「尺」教具的技能（含 3M3 升與毫升、3M5 公斤與克、4M1 周界、6M3 圓周、1S2、1S3、2S3、2S4、3S1、3S2）,「動手探索」教具與課題不配：周界一課出現「間距與量度」直尺（長度 = 6 − 0 = 6 厘米）；容量、重量也是直尺；提示 3 「打開教具」的教具不隨題目數字（題目 9、5，教具仍是 6−0）。,為周界、面積、容量、重量、圖形分類各做對應教具，並以題目數字初始化。,shots/64_d1280_lesson_explore.png、68_d1280_hints_open.png
M-026,S2,奧數教學,O-R3-L2/L3/L4-applied（車輪問題）等,雞兔同籠的「先試簡單例子」教具是「十位／個位」列表，與題目無關；示範例只列算式「先用 14 減 2 × 5，再除以2」而沒有假設表格；「回想方法」的三個選項固定：正確的永遠是第一個且是全課通用句，另兩個是全庫共用的荒謬句（「先亂估一個數，再不停按答案」）。思維之塔卡片標題與描述重覆（「倒推：找原來的數」「倒推：找原來的數：先觀察資料或圖像，再決定方法。」）。,教具改為假設列表（兩輪車數、四輪車數、輪數）；示範例逐步列出；反思題選項隨課改寫並打亂次序；卡片描述改寫。,shots/24_m390_oly_wrong_feedback.png、25_m390_oly_step3.png、94_d1280_olympiad_L4.png
M-027,S2,奧數題目,O-R3-L2/L3/L4-logic-T3、模擬卷 L2–L4 Q9／Q10、O-GEO-segments、O-NUM-pairs,難度反轉：logic-T3「2 種顏色，保證 2 個同色」答案 3，比 T1「3 種顏色，保證 3 個同色」答案 7 更易；L2、L3、L4 三份模擬卷第 9 題全是這題；L2 與 L3 模擬卷第 10 題同為「6 輛、20 個輪」；L1 模擬卷 Q4 與 Q9 同為「5 個點→10 條線段」；O-NUM-pairs-T2「4 粒小珠，每 2 粒一對」答案 2。,逐題人手校準難度；模擬卷出題時排除重複題與過易題。,data/olympiad_mock_samples.txt
M-028,S2,課堂內容,3N5.4、4M1.R3 等全部「概念講解」頁,標題「把圖像變成算式」但沒有圖；示例只有一題且只顯示「答案：1」及「得到 3/3」，沒有逐步推演；一起做答錯後訂正顯示「1/2」、解說卻說「得到 2/4。這課不要求約分」，前後不一致。,概念頁加圖＋分步示範；回饋與解說用同一種形式。,shots/05_m390_lesson_stage2_concept.png、07_m390_feedback_wrong_3N5.4.png
M-029,S2,用語,2S4.R3、3S1.R3、3S2.R3、4S1.R3、6D4.R3、1S3.R3、3M4.R3、4N3.R3,「選最具體的名稱」（建議「最準確的名稱」）；選項附「（非正方形）」「（非長方形）」，答案洩漏（2S4.R3 只有兩個選項：「長方形（非正方形）」與「正方形」）；「以看圖者方向判斷」、「24小時報時制」、「第 n 個正倍數」均偏書面／翻譯腔；「選最直接的判斷」意思含糊。,改為「選出最準確的名稱」；選項不要在括號中提示答案；其餘詞語改為香港小學課本寫法。,data/review_all.txt
M-030,S2,用語／格式,全庫,"算式題結尾半形「= ?」（1,200 題）與全形「= ？」（1,800 題）混用；「有 4條直邊」（120 題）數字與單位間缺空格，其餘題目有空格；1S1 用「方塊形、圓柱形、圓錐形、球形」，2S1 卻用「圓柱、長方體、正方體、三角柱」；1S2 以「五邊形、六邊形」考小一是否屬課程範圍待教師核實。",統一標點與空格；統一立體圖形用詞（長方體、正方體、圓柱體、圓錐體、球體）；與官方學習重點核對各年級用詞範圍。,data/genreal_40.json.gz
M-031,S3,題型設計,2N3.3-T1,約 31%（11/36）題目含 ×0（如「5 × 0 = ?」），入門級乘法被零乘佔去。,×0 另設概念題。,data/genreal_40.json.gz
M-032,S3,圖像,4S2.R3、5M1.R3,分割長方形（5 厘米與 2 厘米兩段）以相同長度畫出，沒有「圖並非按實際比例繪畫」說明。,按比例繪圖或加註。,shots/50_visuals_sheet9.png
M-033,S3,介面,家長頁「下一步」「做兩題新題」「查看策略卡」,連結文字沒有按鈕外觀，像普通粗體字；「這題可能有問題」連結只有約 90×30 px（低於 44 px）。,加按鈕樣式；放大觸控區。,shots/83_m390_parent_normal_card.png；tools/walk17_log.json
M-034,S3,介面,手機 390 px 英文家長驗證頁,浮動按鈕「＋ 數學／奧數」與頁尾說明文字重疊（屬英文外殼，與數學內部頁無關）。,預留底部空間。,shots/16a_m390_parent_gate.png
M-035,S3,用語,3N4.4-T1..T3、O-APP-queue,題目人名只有「Alex」，缺少本地常用名字（如阿明、小欣）。,混用中英文人名。,data/review_all.txt
M-036,S3,介面,全部課堂,"中文介面中混有英文小標題：「ONE LESSON, ONE DISCOVERY」「WELCOME BACK」「YOU KEPT THINKING」「A STARTING POINT, NOT A LABEL」。",統一語言或改為雙語設定。,shots/13_m390_lesson_summary.png、42_m390_diag_result.png
M-037,S3,奧數,策略卡 parity／invariant／pair,三張策略卡沒有技能可獲得（12 張中有 3 張永遠空缺）。,先下架或補技能。,report.md §7
M-038,S3,圖像,3D1.R3、5D1.R3,棒形圖標籤同時用「甲 A」「乙 B」；組合棒形圖 x 軸標籤「首天中文」「翌天英文」無圖例；棒形圖沒有標題及軸標題。,加圖表標題及圖例。,shots/50_visuals_sheet1.png、50_visuals_sheet4.png
M-039,S3,流程,課堂星星,星星最少 1 顆（正確率 <50% 亦得 1 星）；「完成一輪」金幣固定 1 枚，與正確率無關（需 ≥5 次獨立作答及 ≥60%）。,對低成績提供針對性文案，避免「有新發現」式誇獎。,shots/13_m390_lesson_summary.png、15_m390_after_selfcheck.png
