word,known,zh,choices,has_example
apple,True,蘋果,1,True
banana,True,香蕉,1,True
orange,True,,2,False
pear,True,啤梨,1,True
grape,True,一粒提子,1,False
lemon,True,檸檬,1,True
watermelon,True,西瓜,1,True
strawberry,True,士多啤梨,1,True
mango,True,芒果,1,False
peach,True,桃,1,True
cherry,True,車厘子,1,True
pencil,True,鉛筆,1,True
ruler,True,間尺,1,True
eraser,True,擦膠,1,False
sharpener,True,鉛筆刨,1,False
pen,True,筆,1,True
crayon,True,蠟筆,1,True
scissors,True,鉸剪,1,True
glue,True,膠水,1,False
notebook,True,筆記簿,1,True
textbook,True,課本,1,False
dictionary,True,字典,1,False
school,True,學校,1,True
bag,True,袋,1,False
desk,True,書枱,1,False
chair,True,椅子,1,True
blackboard,True,黑板,1,False
whiteboard,True,白板,1,False
teacher,True,老師,1,True
student,True,學生,1,False
classmate,True,同學,1,False
headmaster,True,男校長,1,False
library,True,圖書館,1,False
playground,True,操場,1,False
canteen,True,飯堂,1,False
classroom,True,課室,1,False
mother,True,媽媽,1,False
father,True,爸爸,1,False
sister,True,姊妹,1,False
brother,True,兄弟,1,False
grandmother,True,祖母；外祖母,1,False
grandfather,True,祖父；外祖父,1,False
uncle,True,叔伯；舅父；姨丈；姑丈,1,False
aunt,True,姑媽；姨媽；伯母；嬸嬸；舅母,1,False
cousin,True,堂兄弟姊妹；表兄弟姊妹,1,False
baby,True,嬰兒,1,False
family,True,家庭,1,True
head,True,頭,1,False
hair,True,頭髮,1,False
eye,True,眼,1,False
ear,True,耳朵,1,False
nose,True,鼻,1,False
mouth,True,口,1,False
tooth,True,牙齒,1,True
teeth,True,牙齒（複數）,1,True
face,True,面,1,False
neck,True,頸,1,False
shoulder,True,膊頭,1,False
arm,True,手臂,1,False
hand,True,手,1,False
finger,True,手指,1,False
leg,True,腿,1,False
foot,True,腳,1,True
toe,True,腳趾,1,False
stomach,True,胃；肚子,1,False
red,True,紅色的,1,False
blue,True,藍色的,1,False
green,True,綠色的,1,False
yellow,True,黃色的,1,False
purple,True,紫色的,1,False
pink,True,粉紅色的,1,False
black,True,黑色的,1,False
white,True,白色的,1,False
brown,True,啡色的,1,False
grey,True,灰色的,1,False
colour,True,,2,False
color,False,,0,False
cat,True,貓,1,True
dog,True,狗,1,True
rabbit,True,兔仔,1,True
bird,True,雀鳥,1,False
fish,True,魚；魚肉,1,True
tiger,True,老虎,1,True
lion,True,獅子,1,True
monkey,True,猴子,1,True
elephant,True,大象,1,True
giraffe,True,長頸鹿,1,True
panda,True,熊貓,1,True
horse,True,馬,1,True
cow,True,牛,1,True
pig,True,豬,1,True
sheep,True,綿羊,1,True
duck,True,鴨；鴨肉,1,True
chicken,True,雞；雞肉,1,True
rice,True,飯,1,True
noodles,True,麵,1,True
bread,True,麵包,1,True
egg,True,蛋,1,True
milk,True,奶,1,False
juice,True,果汁,1,False
water,True,,2,False
tea,True,茶,1,False
cake,True,蛋糕,1,False
biscuit,True,餅乾,1,False
sandwich,True,三文治,1,True
hamburger,True,漢堡包,1,False
ice-cream,False,,0,False
chocolate,True,朱古力,1,False
candy,False,,0,False
Monday,True,星期一,1,True
Tuesday,True,星期二,1,False
Wednesday,True,星期三,1,False
Thursday,True,星期四,1,False
Friday,True,星期五,1,False
Saturday,True,星期六,1,False
Sunday,True,星期日,1,False
January,True,一月,1,True
February,True,二月,1,False
March,True,三月,1,False
April,True,四月,1,False
May,True,五月,1,True
June,True,六月,1,False
July,True,七月,1,False
August,True,八月,1,False
September,True,九月,1,False
October,True,十月,1,False
November,True,十一月,1,False
December,True,十二月,1,False
sunny,False,,0,False
rainy,False,,0,False
cloudy,False,,0,False
windy,False,,0,False
hot,True,熱的,1,False
cold,True,,2,False
warm,True,暖的,1,False
cool,True,涼的,1,False
snowy,False,,0,False
happy,True,開心的,1,True
sad,True,傷心的,1,False
angry,True,生氣的,1,False
hungry,True,肚餓的,1,False
thirsty,True,口渴的,1,True
tired,True,疲倦的,1,False
sleepy,True,眼瞓的,1,False
excited,True,興奮的,1,False
bored,True,沉悶的,1,False
run,True,跑,1,False
jump,True,跳,1,False
swim,True,游水,1,False
fly,True,蒼蠅,1,False
walk,True,步行,1,False
climb,True,攀爬,1,False
dance,True,跳舞,1,False
sing,True,唱歌,1,False
read,True,閱讀,1,True
write,True,寫,1,True
draw,True,畫,1,False
paint,True,,2,False
cook,True,,2,False
clean,True,乾淨的,1,False
wash,True,洗,1,False
brush,True,刷,1,False
eat,True,吃,1,False
drink,True,,2,False
sleep,True,,2,False
big,True,大的,1,False
small,True,小的,1,False
tall,True,高的,1,False
short,True,矮的；短的,1,False
long,True,長的,1,False
fat,False,,0,False
thin,True,薄的；瘦的,1,False
old,True,舊的；年老的,1,False
young,True,年輕的,1,False
new,True,新的,1,False
beautiful,True,美麗的,1,True
favourite,True,最喜愛的,1,True
delicious,True,美味的,1,False
shirt,True,恤衫,1,False
T-shirt,True,T恤,1,True
skirt,True,裙,1,False
dress,True,連身裙,1,True
trousers,True,長褲,1,False
shorts,True,短褲,1,False
socks,True,襪（複數）,1,True
shoes,True,鞋（複數）,1,False
coat,True,大褸,1,True
hat,True,帽,1,False
jacket,True,外套,1,False
umbrella,True,雨傘,1,True
bus,True,巴士,1,True
train,True,,2,False
taxi,True,的士,1,True
bicycle,True,單車,1,True
car,True,私家車,1,True
MTR,False,,0,False
ferry,True,渡輪,1,False
plane,True,飛機,1,False
park,True,,2,False
zoo,True,動物園,1,False
shop,True,商店,1,False
supermarket,True,超級市場,1,False
hospital,True,醫院,1,True
restaurant,True,餐廳,1,True
cinema,True,戲院,1,False
museum,True,博物館,1,False
because,True,因為,1,True
light,True,,2,False
pillow,True,枕頭,1,False
island,True,島嶼,1,True
little,True,小的,1,False
million,True,一百萬,1,False
trampoline,True,彈床,1,False
