畫面,元件或文字,問題,嚴重度,建議,編號,截圖（相對 ui/）
B01 孩子首頁／A01 未登入首頁,首屏兩張文字卡「英文、數學與思維，一次安排／今天的跨科任務」「英文與數學，同一個學習帳戶」；主按鈕「開始今天的小課」,首頁不能 3 秒看懂：首屏只有「跨科」「學習帳戶」等大人用語；真正要孩子按的「開始今天的小課」top=916px（390×844 視窗高 844，在首屏外），橫放 844×390 要捲 2.2 屏；全頁 4107px（約 4.9 屏）；同頁有兩個「今天」入口（今天的跨科任務／開始今天的小課），另有 8 張按鈕同寫「使用內置題庫 →」的練習卡。未登入首頁的「登入／開始使用」top=948，也在首屏外。,S1,首屏只留：問候、一個全寬主按鈕「開始今天的小課」（副字：約 5 分鐘・at／an）、三個大圖示磚「英文／數學／遊戲」。「跨科任務」「六位夥伴」「詞語組合工房」「8 種練習」收進「更多玩法」摺疊區。8 張練習卡的按鈕統一寫「開始」；「內置題庫／我的默書範圍」改成頁頂一個選擇條「練習內容：內置詞語 ▾」。,S1-01,shots/p390_B01_s0.png; shots/p390_B01_s1.png; shots/p390_A01_s0.png; shots/l844_B01_s0.png; shots/s320_A01_s0.png
A02–A05 登入／建立帳戶,首屏主按鈕「進入遊戲街機」；登入表單；建立帳戶表單；toast 錯誤；標題「登入先儲金幣」；標籤「家長密碼／舊 PIN」；密碼佔位字「••••」,新家長找不到「建立帳戶」：登入頁首屏最大的按鈕是「進入遊戲街機」；登入欄位 top=921、建立帳戶欄位 top=1267–1667（約 1.5–2 屏）。錯誤只用 toast，實測只顯示約 2.8 秒（「帳戶名稱或密碼不正確。」），欄位沒有紅框或內聯文字；密碼欄佔位字是 4 個圓點，但規則是 8–128 字（toast：「新家長密碼請使用 8–128 字，不要沿用其他網站密碼。」）；5 個輸入框的 label 沒有 for 關聯。,S1,首屏改兩張大卡：「第一次使用：建立帳戶」「已有帳戶：登入」，街機宣傳移到下方。錯誤內聯顯示並保留到修正為止，例：「密碼要 8 個字或以上。可用三個詞加數字，例如 apple-tree-2026。」佔位字改「至少 8 個字」，加「顯示密碼」；標題改「登入」「建立新帳戶」；「家長密碼／舊 PIN」改「家長密碼」，只有舊帳戶才另外顯示「舊 PIN」。,S1-02,shots/p390_A02_s0.png; shots/p390_A03_s0.png; shots/p390_A04_s0.png; shots/p390_A05_s0.png
B06e／B08e 空白提交、D01 儲存失敗,橙色警告條「學習資料：先試填答案；留白不會扣分。[重試儲存]」；toast「未完成：學習資料：先試填答案；留白不會扣分。」；D01「未能儲存 [重試儲存]」；底部「尚未保存 · 請勿關閉分頁」,「沒選答案」與「儲存失敗」共用同一個警告條，兩者都帶「重試儲存」按鈕，孩子和家長分不清是自己沒答還是資料出事。警告條與 toast 重複；320 闊時 toast 蓋住「提交答案」。「留白不會扣分」卻不接受留白，語意矛盾。真正儲存失敗（D01）只寫「未能儲存」，沒有原因、沒有「重試不成功怎麼辦」、沒有說資料會不會丟。,S1,兩種情況分開處理。(1) 沒選答案：欄位旁內聯提示，不用警告條，不放「重試儲存」。文字：「先選一個答案，再按「提交答案」。不肯定也可以試一個，答錯不扣金幣。」(2) 真的儲存失敗：頂部固定警告條，文字：「這次未能保存進度。請先不要關閉這一頁，按「再試一次」。仍不成功，請家長到「家長 → 設定／備份」下載備份。」成功後顯示「已保存」。toast 一律放在頂部，不可蓋住主按鈕。,S1-03,shots/p390_B06e_s0.png; shots/s320_B06e_s0.png; shots/p390_B08e_s0.png; shots/p390_D01_s0.png
B07／B09 答錯回饋（亦見 B09r）,答錯後「一起訂正／正確答案：cat」卡；選項按鈕 bat／cat／hat／mat；夥伴字句「先看看下方回饋，再用另一個方法試試。」,孩子答錯後，不捲動就看不到答案：回饋卡排在「下一步」按鈕之下，390 闊時大部分被底部導覽（top=783、高 61）遮住；夥伴說「看下方」但下方看不到。已選的錯誤選項「bat」仍用青色選取框，正確的「cat」沒有任何標示；只靠框色表示狀態。844×390 橫放「下一步」top=1132（視窗高 390），1280×800 為 1067。,S1,答題後自動捲到回饋，並把回饋卡放在題目和「下一步」之間。選項要標示：正確的加 ✓ 和字「答案」（綠色加粗框），選錯的加「再看看」（橙色虛框），不單靠顏色。同步讀出「答案是 cat」。文字：「答案是 cat。一起看：c－a－t。」按鈕改「下一題」。,S1-04,shots/p390_B07_s0.png; shots/p390_B07_s1.png; shots/l844_B07_s0.png; shots/p390_B09_s0.png
G01／G02 街機大堂、G03 看玩法卡（新帳戶 0 金幣）,大堂標語「一個金幣，開啟一局新冒險」；已開放的卡（遺跡郵差、雲島探險、海港排球）「✓ 已開放」＋「投 1 幣 · 看玩法」；看玩法卡「已解鎖，可隨時投幣。」＋灰色按鈕「確認投 1 幣開始」＋「金幣 0 · 這輪已投 0/5…」；「再通過 5 個學習項目複習」,每個新帳戶第一次進街機都會撞牆：金幣 0，卡面寫「已開放」，看玩法卡寫「已解鎖，可隨時投幣」，但按鈕 disabled（灰色），點下去沒有任何反應（實測無 toast、無對話框）；金幣數字只用約 13px 灰字放在按鈕下面；全頁沒有一句說「怎樣賺金幣」，只有「再通過 5 個學習項目複習」這類大人用語。,S1,金幣為 0 時，把灰色按鈕換成主色按鈕「去賺金幣：做一個小練習」，連到今日小課，旁邊寫「做完 1 組練習得 1 金幣」。「已解鎖，可隨時投幣。」改「已解鎖。玩一次要 1 金幣，你現在有 0 個。」停用按鈕一定要有原因文字。大堂標語在 0 幣時改「做練習，賺金幣，就可以玩」。,S1-05,shots/p21_lobby_0coin_top.png; shots/p21_lobby_0coin_cards.png; shots/p11_intro_0coins.png; shots/p20_0coin_after_tap.png
G05 準備卡「準備好了？」、G07／G09 結算卡（26 款全部）,「這輪已投 1/5 幣；不會自動續幣。」「向左或向右滑動換跑道，輕按跳躍，向下滑動滑行。」按鈕「開始遊戲」「返回大堂」；看玩法卡以「方向鍵或 WASD」開首,每一局都必經的準備卡字太細：備註 8px、玩法說明 10.5px、按鈕 11px（70×44）、✕ 40×40。320×568 時卡內容 228px、可見高度 180px，「開始遊戲」按鈕底部超出畫布 12px 被切，備註整行看不到；360×640 抽樣的 4 款都有內容超出卡片 4–20px（備註行被切），其中「彩球工房」的長說明（70 字）被「…」截斷；375×667 仍有 3／4 款超出 10px，412×915 才完整。觸控裝置的看玩法卡仍以鍵盤開首（直向 15／26 款顯示鍵盤說明）。,S1,準備卡改成畫布下方的獨立面板（不隨畫布縮小）：字 ≥16px、按鈕全寬 ≥48px 高、說明最多 2 行，配一個示意圖。只顯示當前裝置的操作（觸控不出現鍵盤字）。文字：「準備好了？」「左右滑動換跑道，點一下跳」「開始」「返回」。備註「已投 1 幣」可放頂部，不用 8px。,S1-06,shots/p390_G05_s0.png; shots/s320_G05_s0.png; shots/prep_320x568_color-workshop.png; shots/prep_360x640_color-workshop.png; shots/sheet_arc_p_prep_1.png; shots/sheet_arc_p_settle_1.png
所有頁頂／數學各畫面頁尾／B10／B13／C11,頁頂「WordQuest R3.4 · 森林學園」；數學頁尾三行聲明；「由原站結算」「與原本網站共用同一個金幣錢包」；「已作工程校對，尚未經真人教師逐題簽核」；「內容已作程式及文字校對，尚未經真人教師逐題簽核」（B03）；「WORDQUEST V28 · 金幣街機更新」；「Web Locks」「UTF-8」；「教材尚待真人教師逐題覆核」,版本號、工程備註和「待審核」聲明直接出現在孩子和家長畫面：每頁頂部都有版本號；數學畫面至少 14 個（包括做題中）頁尾都有三段共約 160 字的聲明（「…課程及粵語語音仍待獨立教師與真人試用審核…不適合正式比賽判分」）；結果頁寫「由原站結算」；組合工房寫「工程校對」，拼字教室首屏寫「內容已作程式及文字校對，尚未經真人教師逐題簽核」；設定頁寫 V28、Web Locks、密碼運算、UTF-8；瀏覽器分頁標題為「WordQuest R3.4 · 街機手感與手機玩法」。孩子看不懂，家長看了會懷疑產品是否完成。,S1,全部搬到家長區一個「關於與內容說明」頁，孩子畫面零版本號、零工程用語。「由原站結算」改「你的金幣」；「工程校對」刪除；「匯出 V28 備份」改「匯出學習備份」；分頁標題改「WordQuest 學習森林」。注意：搬走字句不等於解決問題，商用前仍須完成教師審核，才可在說明頁寫「已審」。,S1-07,shots/p390_M03_s0.png; shots/p390_B10_s0.png; shots/p390_B13_s0.png; shots/p390_C11_s0.png; shots/p18_pill.png
幾乎所有畫面（390 闊 21／86 屏）,固定浮動鈕「＋ 數學／奧數」（142×54，右下）,浮動鈕遮住內容和輸入焦點：390×844 有 21 屏、844×390 有 26 屏、768×1024 有 21 屏、1280×800 有 9 屏被它壓住文字或按鈕；用鍵盤 Tab 時，手機上孩子首頁有 4 個停駐點被它遮住、1 個被底部導覽遮住，街機大堂另有 2 個被底部導覽遮住。「＋」字樣像「新增」，不像「去數學」；英文頁看起來數學只是附加功能。,S2,把數學、奧數放進首頁的大圖示磚；其他頁面隱藏浮動鈕，或縮成 48px 圓鈕只寫「數學」並避開內容（加 padding-bottom）。,S2-01,shots/p390_A01_s0.png; shots/p390_A02_s0.png; shots/s320_A01_s0.png; shots/p390_B13_s0.png
橫放手機 844×390、筆電 1280×800 的所有課堂頁,頂部 sticky header 加導覽；主按鈕「提交答案」「我已看過，下一步」「下一步」,橫放時 header 加導覽共 159px（視窗高 390 的 41%），且是 sticky；64 個量度畫面中，第一個主按鈕不在首屏的有：844×390 橫放 49 個、1280×800 18 個、390×844 直向 7 個、768×1024 6 個。例：B06「提交答案」top=944、B05「我已看過，下一步」top=1018（橫放）；1280×800 的「提交答案」top=879、「下一步」top=773（按鈕下半在視窗外）。,S2,橫放及矮視窗（高 <500px）時，header 縮成單行 48px，導覽收進選單；課堂頁把主按鈕固定在底部列（直向已有）。,S2-02,shots/l844_B06_s0.png; shots/l844_B05_s0.png; shots/d1280_B06_s0.png
多個畫面（見明細）,品牌「W」、家長分頁列、「← 暫停，回首頁」、數學＋／−、街機操作鈕、摺疊列、✕,觸控目標小於 44px：品牌「W」30×32（68 屏）；家長分頁列 50–78×38（390 闊，768 以上為 43）；「← 暫停，回首頁」108×43、「← 返回首頁」78×43；數學數位表＋／− 34×40（M04 共 10 個）；教具工房＋／− 同尺寸另有「數線／數陣／港幣／列表」4 個工具鈕寬 42px；街機 ✕ 40×40（22／26 款）；橫放遊戲控制「暫停／保存並返回／操作說明／放大／還原」63×38；摺疊列「音量與試音」322×28、「金幣怎樣取得？舊資料怎樣處理？」25px 高；音量滑桿 170×32。小於 24px：0 個。75／86 屏至少有 1 個小於 44px。,S2,兒童用介面把可按目標一律做到 ≥48px（高）。品牌「W」改 44×44；分頁列改 48px；摺疊列整行 ≥48px；街機 ✕ 改 48×48；＋／− 改 48×48。,S2-03,shots/p390_C02_s0.png; shots/p390_M04_s0.png; shots/l844_G06_s0.png
G01／G02／A07 街機大堂；其他頁邊緣值,卡面說明（白字）、「已開放」、「阿峰／糖栗老師陪你看玩法」、小標題「RUINS COURIER」、「我的金幣」,WCAG AA（一般字 4.5:1）不足：街機大堂 26 張卡，說明 11px 白字壓在粉彩卡色上 2.3–3.3:1（遺跡郵差 2.32）；「已開放」10px 2.3–3.3:1；「陪你看玩法」12px 1.5–2.4:1；英文小標題 7px 3.2–4.2:1；「我的金幣」9px 3.91。84／86 屏至少 1 項被標記；非街機畫面多為邊緣值 4.0–4.47（「家長」按鈕 13px 4.39，58 屏；數學階段列 12px 4.0–4.25；課堂小字 12px 4.2–4.47）。（漸層底色以像素取樣估算，數值有誤差，但視覺上同樣吃力，見截圖。）,S2,卡面說明改深色字放在白色底板上，≥14px；「已開放」改實心徽章（深底白字）；「陪你看玩法」≥14px 且 ≥4.5:1；全站最小字 14px；「家長」按鈕字色加深。,S2-04,shots/p390_G01_s1.png; shots/p390_G01_s2.png; shots/p390_G02_s0.png
G01／G02／G10 街機大堂,"四格統計「這輪投幣 0／5」「通過複習 0 項」「已開放街機 0／26」「今日學習所得 0／5 幣」；「原有21款＋5款新街機」；「COLLECT COLOURS, NOT ADVANTAGES」；「日落塗裝 再通過 15 項複習」；「金幣怎樣取得？舊資料怎樣處理？」",大堂資訊過載：全部 26 款頁高 8068px（約 9.5 屏）；頂部先出夥伴選擇（3 個按鈕）和四格統計，才見遊戲；「通過複習」「旗艦」「塗裝」「舊資料」都是設計團隊用語；390 闊雙欄時每張卡只有約 175px 闊，文字擠成 11px。,S2,孩子版大堂只留：我的金幣（大）、「現在可以玩」的遊戲（大圖＋名字＋一個「玩」鈕）、「還沒開放」的收進摺疊區並寫「做練習解鎖」。統計、造型、舊資料、規則全部放到家長區。單欄顯示，每張卡的字 ≥14px。,S2-05,shots/p390_G01_s0.png; shots/p390_G02_s0.png; shots/p390_G10_s0.png
觸控裝置上的 G03／G04 看玩法卡、B06、B17、M11、A02,「方向鍵或 WASD：左右換線、上跳、下滑；Space 亦可跳。」「可以按鍵盤 1–4 選擇，再按 Enter 提交。」「可用 Tab 和 Enter」「鍵盤可用 Tab 和空白鍵」「桌面用鍵盤 · 手機用觸控按鈕」,手機上仍顯示鍵盤說明：26 款遊戲在直向畫面中 15 款仍顯示鍵盤字；看玩法卡寫「看清楚按鍵再選擇」；B06 在手機顯示「按鍵盤 1–4」。7 歲孩子會找不到那些「按鍵」，真正的觸控說明只在 10.5px 的準備卡內。,S2,用 pointer: coarse 判斷，觸控裝置只顯示觸控說明，桌面才顯示鍵盤說明；看玩法卡的第一句改為「滑一滑／點一下」加示意圖。,S2-06,shots/p11_intro_0coins.png; shots/p390_B06_s0.png; shots/p390_B17_s0.png
全站導航按鈕,「返回英文」「← 暫停，回首頁」「結束這組，不領獎」「返回」「← 返回首頁」「稍後繼續」「暫停」「保存並返回」「返回學習」「← 孩子首頁」「返回孩子首頁」「關閉」「返回大堂」「返回孩子頁」「完成，返回首頁」「回首頁」「結束這輪」「返回街機大堂」「返回離線教材」「返回完整程式」,「離開、返回」的字眼有 20 多種，做的事卻只有「回到上一層」「暫停」「放棄這一組」三種。同一個動作在英文課叫「結束這組，不領獎」，確認窗叫「結束這組，不派完成獎勵」，數學叫「結束這輪」，街機叫「結束這一局」。學習單位也有步、題、組、輪、局、課、小課六種稱呼。,S2,統一三個說法：「返回」（回上一層，不丟進度）、「暫停」（保存後離開）、「放棄這組」（紅色，需確認）。學習單位統一：一次練習叫「一組」，街機叫「一局」。,S2-07,shots/p390_B05_s0.png; shots/sheetx_math1.png
每頁頂部（登出／家長／聲效並排）,「登出」「家長」「🔊 聲效」「👦 小明」並排；toast「已登出。」,「登出」（44×44）緊貼「家長」和「聲效」；與「登入」只差一字。沒有未存資料時按下即登出，只有 toast「已登出。」（程式內只在「尚有資料未儲存」時才確認）。孩子登出後，再登入要輸入家長密碼，等於被鎖在門外。孩子帳戶下不需要常駐「登出」。,S2,孩子畫面隱藏「登出」，移到家長區；若保留，加確認：「要換人用嗎？換人後要用家長密碼才能回來。[取消][換人]」。,S2-08,shots/p17_after_logout_click.png; shots/p18_pill.png
全站原生確認窗（confirm() 38 處）,「草稿未能儲存。取消會保留目前畫面；確定則返回英文，未保存的草稿可能遺失。」「結束這張遊戲票？未用時間不退星；保留的遊戲紀錄不受影響。」「清除目前家庭的英文、數學、奧數、街機、跨科使用紀錄、自訂圖片／音訊及所有本機復原副本？…請先匯出家庭完整備份。」,按鈕只有「確定／取消」，語意含糊，甚至顛倒（「取消」才是保留）；用詞殘留舊版（遊戲票、不退星、已購時間、時段）；清除資料的確認窗約 70 字（有未完成交易時約 130 字），一按「確定」即清除，且「請先匯出備份」只是字，窗內沒有匯出按鈕；另有 5 處 alert()，其中一個寫「請使用獨立試玩版，並提供原 HTML 作完整整合測試」（開發者字句）。,S2,改用自家對話框，按鈕寫動作：「清除資料」（紅）／「先不清除」；清除資料另加「先匯出備份」按鈕，並要輸入「清除」才可按。去掉舊詞彙；alert 的開發者字句改「數學功能暫時未能啟動，請重新整理或聯絡我們」。,S2-09,shots/p18_act_65.png; shots/p390_D04_s0.png
C02／C08／C11 家長頁、C14 家庭備份,每頁頂部卡「家庭完整備份與跨科安排／打開家庭管理」；設定頁「⬇️ 匯出備份」「匯出 V28 備份」；「匯出家庭完整備份」；分頁列「離線教材｜總覽｜默書範圍｜孩子｜學習報告｜設定／備份」,家長首屏被備份卡佔據，家長最想看的「孩子學得怎樣」要往下捲；備份入口有三處（家庭管理、匯出備份、匯出 V28 備份），下載檔名帶有 v13、original、V28、V30、V31 等內部版本字樣；分頁列順序怪（「離線教材」排第一、「設定／備份」自成一行）。,S2,家長首頁第一屏：孩子名＋本週摘要＋「下一步建議」。備份只留一個入口「備份與還原」。分頁列改「總覽｜孩子｜默書｜報告｜設定」一行。,S2-10,shots/p390_C02_s0.png; shots/p390_C11_s0.png; shots/p390_C14_s0.png
A08、C02、C08、C09、C17、D04 等家長頁,「義項」「獨立串對」「延後重溫」「證據」「掌握」「跨科」「題庫」「你正使用已下載的 HTML」「恢復中斷交易」「搬入舊數學紀錄」,家長頁專業術語：義項 8 屏、延後重溫 8 屏、獨立串對 7 屏、證據 9 屏、掌握 13 屏、跨科 9 屏、題庫 7 屏。例：「拼字教室已完成 0 組；0 個義項最近需要再練。」「學校範圍最近獨立串對 0 項；拼字教室 0 項通過延後重溫。兩類證據分開展示，不重複計數。」忙碌家長看不明白。,S2,用字對照：義項→詞義；獨立串對→自己砌對（沒有提示）；延後重溫→隔日再試對；掌握→記得；證據→紀錄；題庫→內置詞語；HTML 檔→程式檔案。例句改：「這星期完成 3 組練習，有 2 個詞需要再練。」,S2-11,shots/p390_C02_s0.png; shots/p390_C09_s0.png; shots/p390_D04_s0.png
A08 訪客家長頁、孩子名字膠囊,訪客可見「家長工具」；header「👦 小明」膠囊,訪客不用密碼就看到家長工具（加入範圍、安排小課、管理遊戲）；孩子帳戶頂部的名字膠囊「小明」一按就跳到「家長確認」密碼頁，孩子按自己名字是很自然的動作，卻被帶到大人頁。,S2,訪客按「家長」直接要求先建立帳戶；名字膠囊改為純顯示，或按下顯示「換孩子」選單（不經密碼頁）。,S2-12,shots/p390_A08_s0.png; shots/p18_pill.png
B13 詞語組合工房（390 闊直向）,柚柚老師大圖、標題「詞語組合工房」、夥伴說明卡,窄屏直向時，夥伴大圖（約 220×230px）蓋住標題「詞語組合工房」和夥伴說明文字；768、1280、844×390 沒有此問題。,S2,夥伴大圖在 <600px 闊時隱藏或改為 64px 頭像，放在標題之後。,S2-13,shots/p390_B13_s0.png; shots/sheetx_b13_vp.png
B18 舊練習頁 #learn（沒有進行中的練習）,「這一輪完成了」「0 金幣」「完成，返回首頁」,沒有做過任何練習，直接開 #learn（例如重新整理或舊書籤）卻顯示「這一輪完成了」和「0 金幣」，孩子以為做完了卻甚麼都沒有。,S2,沒有進行中的練習時導回首頁，並顯示「今天還沒開始，按「開始今天的小課」」。,S2-14,shots/p390_B18_s0.png
A02–A05、C04、C11,登入／建立帳戶 5 個輸入框、C04「名字」「年級」、C11「每天最多新學項目」「每日安排上限」,9 個表單控件的 <label> 沒有跟輸入框關聯（label 無 for，labels.length=0）：按文字不會聚焦，讀屏器只讀出佔位字；佔位字消失後孩子或家長看不到欄位名稱。其餘畫面的輸入框（答題框等）有 label。,S2,每個 label 加 for，或把輸入框放進 label；必要欄位加 aria-required。,S2-15,shots/p390_A02_s1.png; shots/p390_C04_s0.png
數學／奧數（M01–M13，shadow DOM 內嵌 modal）,頁頭「WordQuest 數學群島 · 思維之塔 ◉ 61 金幣 返回英文」；兩行分頁「學習主頁｜數學群島｜思維之塔｜教具工房｜家長與進度」；夥伴列；「學伴設定」；階段列「1 情境引入…6 小結」,數學是第二套介面：自己的頁頭、自己的導覽、自己的色系（深綠／米白，英文是磚紅）。課堂內正文開始前疊了 4 層（頁頭、兩行分頁、夥伴列、學伴設定列＋階段列），約 340／844px 不是內容。「家長與進度」會跳去英文家長密碼頁並提示「先完成英文家長驗證，再按「數學進度及設定」」（M13）。孩子要靠右下浮動鈕才進得去。,S2,做題頁隱藏分頁列，只留「← 返回」和進度條；夥伴列與學伴設定摺疊；「家長與進度」直接進同一個家長密碼閘後回到數學進度，不要叫家長「再按一次」。,S2-16,shots/p390_M03_s0.png; shots/p390_M13_s0.png; shots/sheetx_math1.png
A04 註冊年級、B03 拼字教室、C11 學習規則、M02 數學群島,「小朋友年級」選項；「每課詞數會按年級調整，之後可在家長區修改」；M02 的「小1…小6」,年級的影響不一致：英文只改每輪份量（C11：小3 今日最多 12 題、新字最多 5 個），80 個單元的清單、607 個詞都不按年級分組；數學則顯示「小1…小6」切換，孩子可自行切到小6，沒有任何提示。家長設定年級後看不到效果。,S2,孩子首頁顯示「小3」小標；英文單元清單加「適合小3」標籤或置頂；數學預設鎖定當前年級，其他年級放在「挑戰更高年級」並說明。,S2-17,shots/p390_B03_s0.png; shots/p390_M02_s0.png; shots/p390_C11_s2.png
B03 拼字教室、G02 街機、M02 數學群島,長清單頁（無分段、無回到頂部）,頁高：拼字教室 13912px（約 16.5 屏）、街機全部 8068px（9.5 屏）、數學群島 7225px（8.5 屏）、孩子首頁 4107px（4.9 屏）。單元／遊戲靠一直捲，沒有「回到頂部」，也沒有按年級或主題的錨點。,S2,清單分段折疊（先顯示當前年級／目前進行的主題）；加固定「回到頂部」和字母／主題快速跳轉。,S2-18,shots/p390_B03_s1.png; shots/p390_G02_s0.png
C14 家庭備份 →「裝置與保存檢查」、C15 device-check.html,按鈕「開啟本機驗收頁」；頁面「WORDQUEST R3.2 / NATIVE DEVICE CHECK」「檢查 SHA-256、localStorage、IndexedDB Blob 及 Web Locks」,家長按下去會進入一個工程驗收頁，全頁術語和英文，結果表只有「0 項通過；0 項失敗；0 項未能執行」。這頁是給開發者看的，不是給家長的。,S2,改名「檢查這部裝置能不能保存學習紀錄」，用三步：按「開始檢查」→ 顯示「可以保存／不能保存」→ 不能時說明下一步；工程細節放摺疊區。,S2-19,shots/p390_C15_s0.png; shots/p390_C14_s0.png
B09r 答對、B08h 提示、B10 結果,「答對了／這次完成了練習；剛看過答案或有字塊輔助，不當成隔日掌握。」「提示：c…　共有 3 個字元。本題會記作有提示的練習。」「3／8 題答對。不要求全對，也不扣走已有金幣。」,答對時先讚一句，隨即加一句保留語，鼓勵被沖淡；「字元」「記作有提示的練習」「掌握」等是大人字眼。結果頁「3／8 題答對」但課堂顯示「第 x／12 步」，孩子不明白 8 與 12 是甚麼。,S2,答對：「答對了！」＋星星動畫；保留語放進家長報告。提示：「提示：第一個字母是 c，一共 3 個字母。」結果：「做了 8 題，答對 3 題。」,S2-20,shots/p390_B09r_s0.png; shots/p390_B08h_s0.png; shots/p390_B10_s0.png
B02 練習頁、B03 拼字教室（A06 訪客練習頁）,頁首的「全新・詞語組合工房／用熟悉的字，砌出新詞／由 air 家族開始」宣傳卡；其下才是「← 返回首頁」「選一種練習」,底部導覽「練習」打開後，首屏先見另一個功能的宣傳卡（約 330px 高），頁面自己的標題「選一種練習」被推到 y≈570；「← 返回首頁」也在宣傳卡之下，與其他頁（返回在最頂）位置不一致。拼字教室頁同樣先見這張卡，之後才是「拼字教室」。,S2,宣傳卡只放孩子首頁；練習頁首屏直接是標題、「內置詞語／我的默書範圍」選擇條和 8 種練習。返回連結固定在每頁最頂。,S2-21,shots/p390_B02_s0.png; shots/p390_B03_s0.png
G01／G02 街機大堂卡、G03 看玩法卡,卡面按鈕「投 1 幣 · 看玩法」；看玩法卡「確認投 1 幣開始」,按鈕名與動作不符：卡面按鈕寫「投 1 幣」，按下去其實只是打開試玩預覽，不扣幣（扣幣在下一步「確認投 1 幣開始」）。孩子或家長會以為一按就付出金幣，不敢按；真正扣幣的按鈕卻用同一個「投 1 幣」字眼。,S2,卡面按鈕改「看玩法」（旁邊小字「玩一次 1 金幣」）；看玩法卡的主按鈕改「用 1 金幣開始」，並在按鈕上方一行寫明「現在才會扣 1 金幣」。,S2-22,shots/p390_G01_s1.png; shots/p11_intro_0coins.png
數學解說、設定頁等,「比较」×3、「词」×2、「图」×2、「换」、「没有可核對保障時」、「看过教學」,介面文字中夾雜 7 處簡體字（比较、词、图形、切换、没有、看过），不符合 zh-HK 書面。,S3,全文用 OpenCC（s2hk）檢查一遍，並加入發布前檢查。,S3-01,shots/p390_C11_s2.png
B13 詞語組合工房,「用你識嘅字，砌出新的詞語。」,全站是書面語，這一句是口語（嘅、識），語體混用。,S3,決定一個語體：文字用書面，粵語語音另設「聽廣東話說明」；同一句改「用你認識的字，砌出新詞語。」,S3-02,shots/p390_B13_s0.png
header「🔊 聲效」,聲效開關,開關狀態只靠圖示變化（喇叭加聲波／喇叭加斜線），字永遠是「聲效」，沒有「開／關」。,S3,字改為「聲音：開」「聲音：關」。,S3-03,shots/p18_sfx_off.png
G03／G04 看玩法卡、C14 家庭備份,「關閉」,「關閉」只是無框純文字（70×48），沒有按鈕外觀，右上角容易看漏。,S3,改成有框按鈕或 ✕＋「關閉」，48×48。,S3-04,shots/p11_intro_0coins.png; shots/p390_C14_s0.png
G03／G04 看玩法卡,「真實引擎預覽 · 不扣幣 · 不可操作」,「引擎」是開發字眼。,S3,改「試玩預覽・不扣幣・不能操作」。,S3-05,shots/p11_intro_0coins.png
D04／D05 清除資料後,「清除目前帳戶資料」的結果,清除後沒有「已清除」提示，家長頁回到預設孩子「小朋友」加「示範默書 Unit 3」，看起來像沒事發生。,S3,清除後顯示「資料已清除。請建立新孩子。」並導向新增孩子。,S3-06,shots/p390_D04_s0.png; shots/p390_D05_s0.png
D02 離線孩子首頁,（沒有離線提示）,離線時，孩子首頁沒有任何離線標示（只有家長離線教材頁寫「已離線。已下載素材仍可使用。」）。,S3,頁頂加一小條「目前沒有網絡，仍可練習」。,S3-07,shots/p390_D02_s0.png; shots/p390_D03_s0.png
B10 結果頁,「回首頁」「看看遊戲目標」「選另一組詞」,三個按鈕權重相同，「看看遊戲目標」不明白（其實是去街機）。,S3,主按鈕「再練一組」，次按鈕「去街機」「回首頁」。,S3-08,shots/p390_B10_s0.png
C06／C07 加入默書範圍,「辨認所選範圍」「核對及加入 →」「確認加入」（停用狀態）,三個步驟全放在同一個長頁（2011–2356px）；主按鈕停用時 2.33–2.84:1，只在頁底用小字說「先加入相片或文字」。,S3,做成真正的三步畫面（一次只顯示一步），停用鈕旁直接寫原因。,S3-09,shots/p390_C06_s0.png; shots/p390_C07_s0.png
G08 森林節奏社,數字格 1–16,16 個數字按鈕（46×44）沒有說明意思。,S3,加標題「第幾拍」或用音符圖示。,S3-10,shots/p390_G08_s0.png
B12 詞語與圖片庫,「607 個詞形／義項，593 個不重複形式」,統計數字對孩子沒有意義。,S3,改「共 607 個詞語，用搜尋找一找」。,S3-11,shots/p390_B12_s0.png
B05 學新詞,「按喇叭聽完整讀音。」與按鈕「聽整字讀音」；「題號和草稿會保存。手機 Enter 不會在選字途中提交。」,字句提到「喇叭」，按鈕卻沒有喇叭圖示；學新詞步驟沒有輸入，卻顯示 Enter 的提示。,S3,按鈕加 🔊；只在有輸入的步驟顯示 Enter 提示。,S3-12,shots/p390_B05_s0.png
課堂頁 Tab 次序,「結束這組，不領獎」,鍵盤使用者在課堂頁第一個停駐點就是「結束這組，不領獎」，要按 14 次 Tab 才到「我已看過，下一步」。,S3,DOM 次序改為：返回、題目、輸入、主按鈕、次要動作。,S3-13,（見 data/a11y.json）
B05／B06／B17 底部操作列,「提交答案」旁的「結束這組，不領獎」,放棄動作與主按鈕並排在拇指區（142×46），誤按機會高；雖有確認窗，仍會打斷孩子。,S3,放棄動作移到頁頂「⋯」選單。,S3-14,shots/p390_B17_s0.png; shots/p390_B08_s0.png
B05／B16／B17 說明入口,「怎樣玩？」「怎樣操作？」「聽老師說明」,三個說明入口字眼不同；同一頁可同時出現兩個。,S3,統一「怎樣玩？」，旁邊加 🔊 表示會讀出來。,S3-15,shots/p390_B16_s0.png
A01 未登入首頁 s320,header「👦 試用小朋友」,320 闊時名稱被截成「試用…」，其他畫面沒有水平溢出（0／86×4 視窗）。,S3,訪客顯示「試玩中」。,S3-16,shots/s320_A01_s0.png
數學 app 字體,字體堆疊,數學畫面使用系統預設無襯線字體，與英文主程式的「PingFang HK／Noto Sans CJK HK」不同（沙盒測試字體不同，真機可能不明顯）。,S3,數學 shadow DOM 也套用同一字體堆疊。,S3-17,shots/p390_M09_s0.png
