id,status,occurrences,note
T0062,applied,1,
T0068,applied,1,
T0071,applied,1,
T0074,applied,1,
T0077,applied,1,
T0080,applied,1,
T0086,applied,1,
T0089,applied,1,
T0092,applied,1,
T0095,applied,1,
T0098,applied,1,
T0108,applied,1,
T0121,applied,1,
T0122,applied,1,
T0123,applied,1,
T0124,applied,1,
T0125,applied,1,
T0126,applied,1,
T0127,applied,1,
T0128,applied,1,
T0129,applied,1,
T0130,applied,1,
T0131,applied,1,
T0132,applied,3,
T0133,applied,1,
T0134,applied,1,
T0135,applied,1,
T0136,applied,1,
T0140,applied,1,
T0141,applied,1,
T0142,applied,1,
T0143,applied,1,
T0144,applied,1,
T0145,applied,1,
T0146,applied,1,
T0147,applied,1,
T0156,applied,1,
T0160,applied,1,
T0165,applied,1,
T0167,applied,1,
T0176,applied,1,
T0178,applied,1,
T0188,applied,1,
T0190,applied,1,
T0192,applied,1,
T0204,applied,1,
T0216,applied,1,
T0217,applied,1,
T0232,applied,1,
T0234,applied,1,
T0237,applied,1,
T0246,applied,1,
T0248,applied,1,
T0250,applied,1,
T0268,applied,1,
T0272,applied,1,
T0287,applied,1,
T0305,applied,1,
T0312,applied,1,
T0320,applied,1,
T0321,applied,1,
T0326,applied,1,
T0334,applied,1,
T0357,applied,1,
T0361,applied,1,
T0369,applied,1,
T0380,applied,1,
T0397,applied,1,
T0416,applied,1,
T0424,applied,1,
T0433,applied,1,
T0436,compare,0,
T0443,applied,1,
T0457,applied,1,
T0472,applied,1,
T0478,applied,1,
T0484,applied,1,
T0485,applied,1,
T0486,applied,1,
T0491,applied,1,
T0492,applied,1,
T0493,applied,1,
T0494,applied,1,
T0495,applied,1,
T0503,applied,1,
T0507,applied,1,
T0516,applied,1,
T0525,applied,1,
T0527,applied,1,
T0528,applied,1,
T0529,applied,1,
T0530,applied,1,
T0531,applied,1,
T0532,applied,1,
T0533,applied,1,
T0534,applied,1,
T0535,applied,1,
T0536,applied,1,
T0537,applied,1,
T0538,applied,1,
T0539,applied,1,
T0540,applied,1,
T0541,applied,1,
T0542,applied,1,
T0543,applied,1,
T0544,applied,1,
T0545,applied,1,
T0546,applied,1,
T0548,applied,1,
T0549,applied,1,
T0554,applied,1,
T0555,applied,1,
T0556,applied,1,
T0557,applied,1,
T0558,applied,1,
T0559,applied,1,
T0560,applied,1,
T0561,applied,1,
T0562,applied,1,
T0563,applied,1,
T0564,applied,1,
T0565,applied,1,
T0566,applied,1,
T0567,applied,1,
T0568,applied,1,
T0569,applied,1,
T0570,applied,1,
T0571,applied,1,
T0572,applied,1,
T0573,applied,1,
T0574,applied,1,
T0575,applied,1,
T0576,applied,1,
T0577,applied,1,
T0578,applied,1,
T0579,applied,1,
T0580,applied,1,
T0581,applied,1,
T0582,applied,1,
T0583,applied,1,
T0614,applied,1,
T0623,applied,1,
T0624,applied,1,
T0628,applied,1,
T0629,applied,1,
T0633,applied,1,
T0634,applied,1,
T0638,applied,1,
T0658,applied,1,
T0670,applied,1,
T0671,applied,1,
T0673,applied,1,
T0674,applied,1,
T0680,applied,1,
T0681,applied,1,
T0689,applied,1,
T0691,applied,1,
T0695,applied,1,
T0703,applied,1,
T0704,applied,1,
T0706,applied,1,
T0707,applied,1,
T0709,applied,1,
T0710,applied,1,
T0711,applied,1,
T0715,applied,1,
T0716,applied,1,
T0719,applied,1,
T0720,applied,1,
T0721,applied,1,
T0724,applied,1,
T0725,applied,1,
T0726,applied,1,
T0727,applied,1,
T0728,applied,1,
T0729,applied,1,
T0730,applied,1,
T0731,applied,1,
T0732,applied,1,
T0746,applied,1,
T0747,applied,2,
T0748,applied,1,
T0749,applied,1,
T0750,applied,2,
T0751,applied,2,
T0752,applied,2,
T0753,applied,2,
T0754,applied,1,
T0755,applied,1,
T0760,applied,1,
T0761,applied,1,
T0762,applied,1,
T0763,applied,1,
T0764,applied,1,
T0766,applied,1,
T0767,short,0,
T0768,applied,1,
T0769,applied,1,
T0770,applied,2,
T0771,applied,1,
T0772,applied,1,
T0774,applied,1,
T0775,applied,1,
T0776,applied,1,
T0777,applied,1,
T0778,applied,1,
T0779,applied,1,
T0780,applied,1,
T0781,applied,1,
T0782,applied,1,
T0783,applied,1,
T0784,applied,1,
T0785,applied,1,
T0786,applied,1,
T0787,applied,1,
T0788,applied,1,
T0789,applied,1,
T0791,applied,1,
T0792,applied,1,
T0793,applied,1,
T0794,applied,2,
T0795,applied,1,
T0796,applied,1,
T0797,applied,1,
T0798,applied,1,
T0799,applied,1,
T0800,applied,1,
T0801,applied,1,
T0802,applied,1,
T0803,applied,1,
T0806,applied,10,
T0808,applied,7,
T0810,applied,6,
T0813,applied,70,
T0824,applied,11,
T0825,applied,82,
T0826,applied,1,
T0837,applied,1,
T0838,applied,1,
T0839,applied,1,
T0840,applied,1,
T0842,applied,1,
T0843,applied,1,
T0844,applied,1,
T0845,applied,1,
T0846,applied,1,
T0847,applied,1,
T0848,applied,1,
T0850,applied,1,
T0851,applied,1,
T0852,applied,1,
T0855,applied,1,
T0857,applied,1,
T0858,applied,1,
T0859,applied,1,
T0860,applied,1,
T0861,applied,1,
T0862,applied,1,
T0863,applied,1,
T0864,applied,1,
T0865,applied,1,
T0866,applied,1,
T0867,applied,1,
T0868,applied,1,
T0869,applied,1,
T0870,applied,1,
T0872,applied,1,
T0873,applied,1,
T0874,applied,1,
T0875,applied,1,
T0876,applied,1,
T0877,applied,1,
T0878,applied,1,
T0879,applied,1,
T0880,applied,1,
T0881,applied,1,
T0882,applied,1,
T0883,applied,1,
T0884,applied,1,
T0889,applied,1,
T0892,applied,1,
T0893,applied,1,
T0902,applied,1,
T0905,applied,1,
T0906,applied,1,
T0913,applied,1,
T0917,applied,1,
T0922,applied,1,
T0925,applied,1,
T0926,applied,1,
T0932,applied,1,
T0936,applied,1,
T0941,applied,1,
T0945,applied,1,
T0948,applied,1,
T0950,applied,1,
T0951,applied,1,
T0953,applied,1,
T0955,applied,1,
T0957,applied,1,
T0958,applied,1,
T0960,applied,1,
T0963,applied,1,
T0965,applied,1,
T0970,applied,1,
T0971,applied,1,
T0974,applied,1,
T0975,applied,1,
T0976,applied,1,
T0977,applied,1,
T0978,applied,1,
T0979,applied,1,
T0980,applied,1,
T0981,applied,1,
T0982,applied,1,
T0983,applied,1,
T0984,applied,1,
T0985,applied,1,
T0986,applied,1,
T0987,applied,1,
T0988,applied,1,
T0989,applied,1,
T0990,applied,1,
T0991,applied,1,
T0992,applied,1,
T0993,applied,1,
T0994,applied,1,
T0995,applied,1,
T0996,applied,1,
T0997,applied,1,
T0998,applied,1,
T0999,applied,1,
T1000,applied,1,
T1001,applied,1,
T1002,applied,1,
T1003,applied,1,
T1004,applied,1,
T1005,applied,1,
T1006,applied,1,
T1007,applied,1,
T1008,applied,1,
T1009,applied,1,
T1010,applied,1,
T1011,applied,1,
T1012,applied,1,
T1013,applied,1,
T1014,applied,1,
T1015,applied,1,
T1016,applied,1,
T1017,applied,1,
T1018,applied,1,
T1019,applied,1,
T1020,applied,1,
T1021,applied,1,
T1022,applied,1,
T1023,applied,1,
T1024,applied,1,
T1025,applied,1,
T1026,applied,1,
T1027,applied,1,
T1028,applied,1,
T1033,applied,1,
T1034,applied,1,
T1066,partial,0,1 of 5 occurrences look like code (compare)
T1074,applied,1,
T1075,applied,1,
T1079,applied,1,
T1108,applied,1,
T1112,applied,1,
T1116,applied,2,
T1117,applied,1,
T1120,applied,1,
T1125,applied,2,
T1149,applied,1,
T1151,applied,1,
T1163,applied,1,
T1176,applied,1,
T1192,applied,2,
T1193,applied,1,
T1206,applied,2,
T1220,applied,1,
T1221,applied,1,
T1226,applied,1,
T1235,applied,1,
T1236,applied,1,
T1239,applied,1,
T1240,applied,1,
T1243,applied,1,
T1248,applied,1,
T1252,applied,1,
T1256,applied,1,
T1257,applied,1,
T1258,applied,1,
T1263,applied,1,
T1265,applied,1,
T1268,applied,1,
T1269,applied,1,
T1272,applied,1,
T1277,applied,1,
T1278,applied,1,
T1284,applied,1,
T1287,applied,1,
T1295,applied,1,
T1297,applied,1,
T1299,applied,1,
T1306,applied,1,
T1308,applied,1,
T1320,applied,1,
T1326,applied,3,
T1330,applied,1,
T1344,applied,1,
T1345,applied,1,
T1346,applied,1,
T1351,applied,1,
T1352,applied,1,
T1358,applied,1,
T1390,applied,1,
T1392,applied,1,
T1393,applied,1,
T1396,applied,2,
T1399,applied,1,
T1400,applied,1,
T1401,applied,3,
T1402,applied,1,
T1403,applied,1,
T1406,applied,1,
T1420,applied,1,
T1423,applied,1,
T1429,applied,1,
T1437,applied,2,
T1438,applied,1,
T1439,applied,1,
T1459,applied,1,
T1461,applied,1,
T1464,applied,1,
T1468,applied,1,
T1469,applied,1,
T1470,applied,1,
T1472,applied,1,
T1473,applied,1,
T1474,applied,1,
T1477,applied,3,
T1478,applied,1,
T1484,applied,2,
T1487,applied,2,
T1488,applied,2,
T1490,applied,1,
T1499,applied,1,
T1500,applied,1,
T1503,applied,1,
T1506,applied,1,
T1511,applied,2,
T1512,applied,1,
T1513,applied,1,
T1519,applied,1,
T1522,applied,1,
T1523,applied,1,
T1524,applied,1,
T1525,applied,1,
T1526,applied,1,
T1527,applied,1,
T1532,applied,1,
T1533,applied,1,
T1534,applied,2,
T1538,applied,1,
T1539,applied,1,
T1540,applied,1,
T1541,applied,1,
T1544,applied,1,
T1546,applied,1,
T1547,applied,1,
T1549,applied,1,
T1550,applied,1,
T1552,applied,1,
T1555,applied,1,
T1558,applied,1,
T1566,applied,1,
T1568,applied,1,folded into an enclosing literal
T1569,applied,1,folded into an enclosing literal
T1570,applied,1,
T1572,applied,1,
T1577,applied,1,
T1592,applied,1,
T1593,applied,1,
T1594,applied,1,
T1606,applied,1,
T1614,applied,1,
T1615,applied,1,
T1621,applied,1,
T1627,applied,1,
T1628,applied,1,
T1633,applied,1,
T1634,applied,1,
T1636,applied,1,
T1640,applied,1,
T1650,applied,1,
T1656,applied,1,
T1657,applied,1,
T1672,applied,1,
T1690,applied,1,
T1694,applied,1,
T1698,applied,1,
T1699,applied,1,
T1701,applied,1,
T1710,applied,1,
T1711,applied,1,
T1714,applied,1,
T1724,applied,1,
T1726,applied,1,
T1733,applied,1,
T1737,applied,1,
T1738,applied,1,
T1740,applied,1,
T1741,applied,2,folded into an enclosing literal
T1744,applied,1,
T1745,applied,1,
T1752,applied,1,
T1756,applied,1,
T1758,applied,1,
T1759,applied,1,folded into an enclosing literal
T1765,applied,1,
T1766,applied,1,
T1767,applied,1,
T1770,applied,1,
T1771,applied,1,
T1772,applied,1,
T1774,applied,1,
T1778,applied,2,
T1804,applied,1,
T1810,applied,1,
T1812,applied,1,
T1813,applied,1,
T1817,applied,1,
T1818,applied,1,
T1820,applied,1,
T1822,applied,1,
T1823,applied,1,
T1826,applied,1,
T1827,applied,2,
T1830,applied,1,
T1832,applied,1,
T1834,applied,1,
T1835,applied,1,
T1836,applied,1,
T1871,applied,1,
T1872,applied,1,
T1890,applied,1,
T1925,applied,1,
T1928,applied,1,
T1931,applied,1,
T1941,applied,1,
T1951,applied,1,
T1970,applied,1,
T1977,applied,1,
T1982,applied,1,
T1985,applied,1,
T1999,applied,1,
T2012,applied,1,
T2020,applied,1,
T2027,applied,1,
T2031,applied,1,
T2033,applied,1,
T2034,applied,1,
T2036,applied,1,
T2038,applied,1,
T2039,applied,6,
T2040,applied,1,
T2042,applied,1,
T2046,applied,1,
T2059,applied,1,
T2064,applied,1,
T2065,applied,2,
T2068,applied,1,
T2069,applied,1,
T2070,applied,1,
T2071,applied,1,
T2072,applied,1,
T2074,applied,1,
T2075,applied,1,
T2076,applied,1,
T2081,applied,1,
T2082,applied,1,
T2083,applied,1,
T2085,applied,1,
T2086,applied,1,
T2087,applied,1,
T2088,applied,1,
T2089,applied,1,
T2091,applied,1,
T2094,applied,1,
T2102,applied,1,
T2104,applied,1,
T2106,applied,1,
T2110,applied,1,
T2114,applied,1,
T2116,applied,1,
T2117,applied,1,
T2120,applied,1,
T2126,applied,1,
T2128,applied,1,
T2133,applied,1,
T2135,applied,1,
T2136,applied,1,
T2137,applied,1,
T2138,applied,1,
T2141,applied,1,
T2143,applied,1,
T2145,applied,1,
T2146,applied,1,
T2147,applied,1,
T2149,applied,1,
T2150,applied,1,
T2151,applied,1,
T2152,applied,1,
T2154,applied,1,
T2155,applied,1,
T2157,applied,1,
T2159,applied,1,
T2160,applied,1,
T2162,applied,1,
T2166,applied,1,
T2167,applied,2,
T2168,applied,1,
T2171,applied,1,
T2173,applied,1,
T2174,applied,1,
T2175,applied,1,
T2176,applied,1,
T2178,applied,1,
T2181,applied,1,
T2182,applied,1,
T2183,applied,1,
T2187,applied,1,
T2189,applied,1,
T2190,applied,1,
T2191,applied,1,
T2192,applied,1,
T2194,applied,1,
T2197,applied,1,
T2198,applied,1,
T2201,applied,1,
T2204,applied,1,
T2208,applied,1,
T2209,applied,1,
T2210,applied,1,
T2211,applied,1,
T2212,applied,1,
T2213,applied,1,
T2214,applied,1,
T2215,applied,1,
T2217,applied,1,
T2218,applied,2,
T2219,applied,1,
T2220,applied,1,
T2221,applied,1,
T2222,applied,1,
T2230,applied,1,
T2231,applied,1,
T2232,applied,1,
T2233,applied,1,
T2235,applied,1,
T2236,applied,1,
T2237,applied,1,
T2238,applied,1,
T2239,applied,1,
T2240,applied,1,
T2241,applied,1,
T2243,applied,1,
T2244,applied,1,
T2245,applied,1,
T2246,applied,1,
T2247,applied,1,
T2248,applied,1,
T2251,applied,1,
T2255,applied,1,
T2256,applied,2,
T2258,applied,1,
T2259,applied,1,
T2260,applied,1,
T2261,applied,1,
T2265,applied,1,
T2269,applied,1,
T2270,applied,1,
T2272,applied,1,
T2274,applied,1,
T2275,applied,1,
T2276,applied,1,
T2278,applied,1,
T2279,applied,1,
T2280,applied,1,
T2281,applied,1,
T2282,applied,1,folded into an enclosing literal
T2283,applied,1,
T2284,applied,1,
T2285,applied,1,
T2286,applied,1,
T2287,applied,1,
T2288,applied,1,
T2289,applied,2,
T2290,applied,1,
T2291,applied,1,
T2292,applied,1,
T2293,applied,1,
T2294,applied,1,
T2295,applied,1,
T2296,applied,1,
T2302,applied,1,
T2303,applied,1,
T2305,applied,1,
T2306,applied,1,
T2307,applied,1,
T2308,applied,1,
T2309,applied,1,
T2311,applied,2,
T2313,applied,1,
T2314,applied,1,
T2315,applied,1,
T2317,applied,1,
T2318,applied,1,
T2322,applied,1,
T2324,applied,1,
T2325,applied,1,
T2327,applied,1,
T2328,applied,1,
T2330,applied,1,
T2331,applied,1,
T2332,applied,1,
T2333,applied,1,
T2334,applied,1,
T2335,applied,1,
T2336,applied,1,
T2337,applied,1,
T2339,applied,1,
T2340,applied,1,
T2341,applied,1,
T2342,applied,1,
T2343,applied,1,
T2346,applied,1,
T2347,applied,1,folded into an enclosing literal
T2348,applied,1,folded into an enclosing literal
T2349,applied,1,
T2350,applied,1,
T2351,applied,1,
T2352,applied,1,
T2353,applied,1,
T2355,applied,1,
T2356,applied,1,
T2360,applied,1,folded into an enclosing literal
T2361,applied,1,
T2363,notfound,0,
T2365,notfound,0,
T2366,applied,1,
T2368,applied,1,
T2369,applied,1,
T2371,applied,1,
T2372,applied,2,
T2373,applied,2,
T2374,partial,0,2 of 3 occurrences look like code (compare)
T2378,applied,1,
T2379,applied,1,
T2380,applied,1,
T2381,applied,1,
T2382,applied,1,
T2391,applied,1,
T2392,applied,1,
T2393,applied,1,
T2398,applied,1,
T2399,applied,1,
T2400,applied,1,
T2402,applied,1,
T2403,applied,1,
T2405,applied,1,
T2409,applied,1,
T2411,notfound,0,
T2412,applied,1,
T2413,applied,1,
T2416,applied,1,
T2417,applied,1,
T2418,applied,1,
T2421,applied,1,
T2424,applied,1,
T2425,applied,1,
T2426,applied,1,
T2427,applied,1,
T2428,applied,1,
T2432,applied,1,
T2435,applied,1,
T2441,applied,1,
T2442,applied,1,
T2443,applied,1,
T2445,applied,1,
T2446,applied,1,
T2447,applied,1,
T2448,applied,1,
T2449,applied,1,
T2452,applied,1,
T2453,applied,1,
T2454,applied,1,
T2455,applied,1,
T2456,applied,1,
T2458,applied,1,
T2459,applied,1,
T2460,applied,1,
T2461,applied,1,
T2464,applied,2,
T2465,applied,1,
T2467,applied,1,
T2468,applied,1,
T2469,applied,1,
T2470,applied,1,
T2474,applied,1,
T2475,applied,1,
T2477,applied,1,
T2480,applied,1,
T2481,applied,1,
T2482,applied,1,
T2484,applied,1,
T2485,applied,1,
T2489,applied,1,
T2490,applied,1,
T2492,applied,1,
T2494,partial,0,1 of 2 occurrences look like code (compare)
T2495,applied,1,
T2497,applied,1,
T2499,applied,1,
T2502,applied,1,
T2504,applied,1,
T2505,applied,1,
T2506,applied,1,
T2508,applied,1,
T2509,applied,1,
T2510,applied,1,
T2511,applied,1,
T2513,applied,1,
T2514,applied,1,
T2515,applied,1,
T2517,applied,1,
T2518,applied,1,
T2519,applied,1,
T2520,applied,1,
T2521,applied,1,
T2522,applied,1,
T2524,applied,1,
T2525,applied,1,folded into an enclosing literal
T2529,applied,1,
T2530,applied,1,
T2531,applied,1,
T2532,applied,1,
T2533,applied,1,
T2537,applied,1,
T2538,applied,1,
T2541,applied,1,
T2542,applied,1,
T2543,applied,1,
T2544,applied,1,
T2545,applied,1,
T2546,applied,1,
T2547,applied,1,
T2548,applied,1,
T2549,applied,1,
T2550,applied,1,
T2551,applied,1,
T2552,applied,1,
T2553,applied,1,
T2554,applied,1,
T2555,applied,1,
T2556,applied,1,
T2557,notfound,0,
T2558,applied,1,
T2559,applied,1,
T2560,applied,1,
T2563,applied,1,
T2564,applied,1,
T2566,applied,2,
T2567,applied,1,
T2569,applied,1,
T2572,applied,1,
T2574,applied,2,
T2577,applied,1,
T2579,applied,1,
T2580,applied,1,
T2582,applied,1,
T2584,applied,1,
T2586,applied,1,
T2587,applied,1,
T2589,applied,1,
T2593,applied,1,
T2595,applied,1,
T2597,applied,1,
T2598,applied,1,
T2599,applied,1,
T2603,applied,1,
T2608,applied,1,
T2619,applied,1,
T2620,applied,1,
T2625,applied,1,
T2630,applied,2,
T2632,applied,1,
T2633,applied,1,
T2636,applied,1,
T2637,applied,1,folded into an enclosing literal
T2638,applied,1,folded into an enclosing literal
T2639,applied,1,
T2640,applied,1,
T2641,applied,1,
T2642,applied,1,
T2644,applied,1,
T2645,applied,1,
T2649,applied,1,
T2651,applied,2,
T2652,applied,1,
T2653,applied,1,
T2654,applied,2,
T2656,applied,2,
T2657,applied,1,
T2658,applied,1,
T2674,applied,1,
T2683,applied,1,
T2689,applied,1,
T2692,applied,1,
T2699,applied,1,
T2703,applied,1,
T2705,applied,1,
T2725,notfound,0,
T2733,applied,1,
T2740,applied,1,
T2742,applied,1,
T2746,applied,1,
T2748,applied,1,
T2750,applied,1,
T2752,applied,1,
T2758,applied,1,
T2762,applied,1,
T2767,applied,1,
T2769,applied,1,
T2771,applied,1,
T2777,applied,1,
T2798,notfound,0,
T2799,applied,1,
T2802,applied,1,
T2803,applied,1,
T2804,applied,1,
T2815,applied,1,
T2822,applied,1,
T2823,applied,1,
T2824,applied,1,
T2825,applied,1,
T2829,notfound,0,
T2832,applied,2,
T2833,applied,1,
T2834,applied,1,
T2835,applied,1,
T2840,applied,1,
T2841,applied,1,
T2851,applied,1,
T2861,applied,1,
T2873,applied,1,
T2881,applied,1,
T2884,applied,1,
T2887,applied,4,
T2888,applied,1,
T2895,applied,1,
T2899,applied,1,
T2902,applied,1,
T2903,applied,1,
T2907,applied,1,
T2910,applied,1,
T2914,applied,1,
T2916,applied,1,
T2917,applied,1,
T2922,applied,1,
T2924,applied,1,
T2926,applied,1,
T2937,applied,1,
T2940,applied,1,
T2942,applied,1,
T2947,applied,1,
T2948,applied,1,
T2949,applied,1,
T2950,applied,1,
T2953,applied,1,
T2954,applied,1,
T2955,applied,1,
T2956,applied,1,
T2957,applied,1,
T2958,applied,1,
T2961,applied,1,
T2965,applied,1,
T2968,applied,1,
T2969,notfound,0,
T2973,applied,1,
T2974,applied,1,
T2975,applied,1,
T2976,applied,1,
T2978,applied,1,
T2980,applied,1,
T2981,applied,1,
T2985,applied,1,
T2988,applied,1,
T2992,applied,1,
T2995,applied,1,
T3003,applied,1,
T3010,applied,1,
T3014,applied,1,
T3019,notfound,0,
T3022,applied,1,
T3034,applied,1,
T3038,applied,1,
T3064,applied,1,
T3065,applied,1,
T3070,applied,1,
T3071,applied,1,
T3074,applied,1,
T3075,applied,1,folded into an enclosing literal
T3076,applied,1,folded into an enclosing literal
T3080,applied,1,
T3083,applied,1,
T3084,applied,1,
T3086,notfound,0,
T3090,applied,1,
T3093,applied,2,
T3100,applied,1,
T3109,applied,1,
T3116,applied,1,
T3117,applied,1,
T3124,applied,1,
T3125,applied,1,
T3130,applied,1,
T3134,applied,1,
T3136,applied,1,
T3138,applied,1,
T3142,applied,1,
T3143,applied,1,
T3144,applied,1,
T3145,applied,1,
T3147,applied,1,
T3148,notfound,0,
T3150,applied,1,
T3151,applied,1,
T3158,notfound,0,
T3159,applied,1,
T3166,applied,1,
T3173,applied,1,
T3178,applied,1,
T3185,applied,1,
T3186,applied,1,
T3188,applied,1,
T3191,applied,1,
T3192,applied,1,
T3196,applied,1,
T3199,applied,1,
T3200,applied,1,
T3201,applied,1,
T3202,applied,1,
T3207,applied,1,
T3208,applied,1,
T3210,applied,1,
T3211,applied,1,
T3212,applied,1,
T3213,applied,1,
T3214,applied,1,
T3215,applied,1,
T3216,applied,1,
T3217,applied,1,
T3218,applied,1,
T3219,applied,1,
T3220,applied,1,
T3221,applied,1,
T3226,applied,1,
T3227,applied,1,
T3228,applied,1,
T3229,applied,1,
T3230,applied,1,
T3231,applied,1,
T3232,applied,1,
T3233,applied,1,
T3234,applied,1,
T3235,applied,1,
T3236,applied,1,
T3237,applied,1,
T3238,applied,1,
T3239,applied,1,
T3241,applied,1,
T3242,notfound,0,
T3248,applied,1,
T3252,applied,1,
T3255,applied,1,
T3257,applied,1,
T3259,applied,1,
T3261,notfound,0,
T3262,applied,1,
T3263,notfound,0,
T3264,applied,1,
T3266,applied,1,
T3267,applied,1,
T3268,applied,1,
T3271,applied,1,
T3272,applied,1,
T3273,applied,1,
T3274,applied,1,
T3275,applied,1,
T3277,applied,1,
T3278,applied,1,
T3280,applied,2,
T3281,applied,1,
T3282,applied,2,
T3283,applied,1,
T3284,applied,1,
T3285,applied,1,
T3286,applied,1,
T3287,applied,1,
T3288,applied,1,
T3289,applied,1,
T3291,applied,1,
T3292,applied,1,
T3293,applied,1,
T3294,applied,2,
T3295,applied,2,
T3296,applied,1,
T3297,applied,1,
T3298,applied,1,
T3299,applied,1,
T3300,applied,1,
T3301,applied,1,
T3302,applied,1,
T3303,applied,1,
T3304,applied,1,
T3305,applied,1,
T3306,applied,1,
T3307,applied,1,
T3308,applied,1,
T3309,applied,1,
T3310,applied,1,
T3311,applied,1,
T3312,applied,1,
T3322,applied,1,
T3325,applied,1,
T3327,applied,2,
T3331,applied,5,
T3332,applied,1,
T3334,applied,1,
T3337,applied,1,
T3339,applied,1,
T3340,applied,1,
T3342,applied,1,
T3344,applied,1,
T3345,applied,1,
T3347,applied,1,
T3348,applied,1,
T3350,applied,1,
T3356,applied,1,
T3357,applied,1,
T3360,applied,1,
T3363,applied,1,
T3365,applied,1,
T3368,applied,1,
T3373,applied,2,
T3374,applied,2,
T3375,applied,1,
T3376,applied,1,
T3377,applied,1,
T3380,applied,1,
T3383,applied,1,
T3384,applied,1,
T3385,applied,1,
T3387,applied,1,
T3388,applied,1,
T3389,applied,1,
T3390,applied,1,
T3391,applied,1,
T3392,applied,1,
T3393,applied,1,
T3395,applied,1,
T3396,applied,1,
T3397,applied,1,
T3398,applied,1,
T3399,applied,1,
T3401,applied,1,
T3402,applied,1,
T3403,applied,1,
T3404,applied,1,
T3405,applied,1,
T3406,applied,1,
T3408,applied,1,
T3410,applied,1,
T3412,applied,1,
T3413,applied,1,
T3414,applied,1,
T3415,applied,1,
T3416,applied,1,
T3418,applied,1,
T3419,applied,1,
T3421,applied,1,
T3424,applied,1,
T3425,applied,1,
T3426,applied,1,
T3428,applied,1,
T3429,applied,1,
T3430,applied,1,
T3431,applied,1,
T3432,applied,1,
T3433,applied,1,
T3434,applied,1,
T3435,applied,1,
T3438,applied,1,
T3439,applied,1,
T3440,applied,1,
T3441,applied,1,
T3442,applied,1,
T3443,applied,1,
T3444,applied,1,
T3445,applied,1,
T3446,applied,1,
T3447,applied,1,
T3448,applied,1,
T3449,applied,1,
T3450,applied,1,
T3451,applied,1,
T3452,applied,1,
T3453,notfound,0,
T3456,applied,1,
T3457,applied,1,
T3459,applied,1,
T3460,applied,1,
T3461,applied,1,
T3462,applied,1,
T3465,applied,1,
T3466,applied,1,
T3467,applied,1,
T3468,notfound,0,
T3471,applied,1,
T3479,applied,1,
T3501,applied,1,
T3503,applied,1,
T3504,applied,1,
T3506,notfound,0,
T3509,applied,1,
T3512,applied,2,
T3514,applied,1,
T3515,applied,1,
T3516,applied,1,
T3525,applied,1,
T3527,applied,1,
T3528,short,0,
T3530,short,0,
T3534,applied,1,
T3536,applied,1,
T3591,applied,1,
T3599,applied,1,
T3603,applied,1,
T3604,applied,1,
T3618,applied,1,
T3619,applied,1,
T3621,applied,1,
T3623,applied,1,
T3627,applied,1,
T3630,applied,2,
T3631,applied,1,
T3632,applied,2,
T3634,applied,1,
T3635,applied,1,
T3641,applied,1,
T3642,applied,1,
T3643,applied,1,
T3644,applied,1,
T3645,applied,1,
T3646,applied,1,
T3647,applied,1,
T3648,applied,1,
T3649,applied,1,
T3650,applied,1,
T3651,applied,2,
T3652,applied,1,
T3653,applied,1,
T3654,applied,1,
T3655,applied,1,
T3656,applied,1,
T3659,applied,1,
T3667,applied,1,
T3668,applied,1,
T3669,applied,1,
T3670,applied,1,
T3671,applied,1,
T3672,applied,1,
T3673,applied,1,
T3674,applied,1,
T3675,applied,1,
T3676,applied,1,
T3677,applied,1,
T3678,applied,1,
T3679,applied,1,
T3680,applied,1,
T3681,applied,1,
T3682,applied,1,
T3684,applied,2,
T3685,applied,1,
T3686,applied,1,
T3687,applied,1,
T3688,applied,1,
T3689,applied,1,
T3690,applied,1,
T3691,applied,1,
T3693,applied,1,
T3694,applied,1,
T3695,applied,1,
T3696,applied,1,
T3698,applied,1,
T3699,applied,1,
T3700,applied,1,
T3701,applied,1,
T3702,applied,1,
T3703,applied,2,
T3704,applied,1,
T3705,applied,1,
T3706,applied,1,
T3707,applied,1,
T3708,applied,1,
T3709,applied,1,
T3710,applied,1,
T3711,applied,1,
T3712,applied,1,
T3713,applied,1,
T3714,applied,1,
T3715,applied,1,
T3716,applied,1,
T3717,applied,1,
T3718,applied,1,
T3719,applied,1,
T3721,applied,1,
T3722,applied,1,
T3723,applied,1,
T3724,applied,1,
T3725,applied,1,
T3726,applied,1,
T3727,applied,1,
T3728,applied,1,
T3729,applied,1,
T3730,applied,1,
T3731,applied,1,
T3732,applied,1,
T3733,applied,1,
T3734,applied,1,
T3735,applied,1,
T3736,applied,1,
T3737,applied,1,
T3741,applied,1,
T3742,applied,1,
T3743,applied,1,
T3744,applied,1,
T3745,applied,1,
T3746,applied,1,
T3747,applied,1,
T3748,applied,1,
T3749,applied,1,
T3750,applied,1,
T3751,applied,1,
T3752,applied,1,
T3753,applied,1,
T3754,applied,1,
T3790,applied,1,
T3798,applied,1,
T3800,applied,1,
T3802,applied,1,
T3810,applied,1,
T3818,notfound,0,
T3837,notfound,0,
T3839,applied,1,
T3845,applied,1,
T3846,applied,1,
T3855,applied,1,
T3859,applied,1,
T3861,applied,1,
T3898,applied,1,
T3925,applied,1,
T3948,applied,1,
T3950,applied,1,
T3953,applied,1,
T3967,applied,1,
T3968,applied,1,
T3980,applied,1,
T3988,applied,1,
T3991,applied,1,
T4015,applied,1,
T4027,applied,1,
T4028,applied,1,
T4030,applied,1,
T4031,applied,1,
T4033,applied,1,
T4040,applied,1,
T4041,applied,1,
T4049,applied,1,
T4052,applied,1,
T4053,applied,1,
T4063,applied,1,
T4064,applied,1,
T4072,applied,1,
T4078,applied,1,
T4079,applied,1,
T4081,applied,1,
T4086,applied,1,
T4087,applied,1,
T4089,applied,1,
T4090,applied,1,
T4093,applied,1,
T4096,applied,1,
T4101,applied,1,
T4103,applied,1,
T4104,applied,1,
T4107,applied,1,
T4114,notfound,0,
T4115,notfound,0,
T4116,notfound,0,
T4124,applied,1,
T4126,applied,2,
T4127,applied,1,
T4128,applied,1,
T4129,applied,1,
T4130,applied,1,
T4131,applied,1,
T4132,applied,1,
T4136,applied,1,
T4137,applied,1,
T4138,applied,1,
T4140,applied,1,
T4141,applied,1,
T4142,applied,1,
T4146,applied,1,
T4154,applied,1,
T4155,applied,1,
T4156,applied,2,
T4157,applied,1,
T4158,applied,1,
T4159,applied,1,
T4160,applied,1,
T4161,applied,1,
T4165,applied,1,
T4166,applied,1,
T4167,applied,1,
T4169,applied,1,
T4170,applied,1,
T4171,applied,1,
T4172,applied,1,
T4173,applied,1,
T4176,applied,1,
T4177,applied,1,
