word_id,form,zhHK,units,no_example,no_image,shares_example_with
w_1bb342f45a8206ba,mat,地墊,U01,,Y,
w_5d246d17c8ffb086,bat,球棒,U01,Y,,
w_6d5d3981cfb49241,can,罐,U01,Y,,
w_654a43bc179eb167,fan,風扇,U01,Y,Y,
w_df6b8848a0d0fae0,man,成年男子,U01,Y,,
w_c8e453511d869f35,pan,平底鑊,U01,Y,,
w_4f66bd5d3cc43581,tap,水龍頭,U02,Y,,
w_f30e214070e47fae,lap,大腿上方,U02,Y,Y,
w_b0db1f2af2870832,jam,果醬,U02,Y,Y,
w_814d8f4a22a84269,ham,火腿,U02,Y,Y,
w_7a0d323c107da715,ram,公羊,U02,Y,,
w_6b10fb34594114da,yam,薯蕷,U02,Y,Y,
w_0c1287e5f6912d4c,ten,十,U03,Y,,
w_2dbe67b71323bf62,men,成年男子們,U03,Y,Y,
w_a000a178920a0ebb,pet,寵物,U03,Y,Y,
w_85b5e74eb6b2be3b,net,網,U03,Y,,
w_b50957b1aac59a01,wet,濕的,U03,,Y,
w_6190bbce3a10dde1,get,取得,U03,Y,Y,
w_2f155217b018f33f,pin,別針,U04,Y,,
w_f7b01f8dadb93084,fin,魚鰭,U04,Y,Y,
w_2da858f8c5510e80,bin,垃圾桶,U04,Y,,
w_77cf5f0d87c2ef51,win,勝出,U04,Y,Y,
w_dd779d21c28572ca,sit,坐下,U04,,Y,
w_a7bdbb2b342bc689,hit,擊中,U04,Y,Y,
w_501d9c3565fc4b3a,fit,合身,U04,Y,Y,
w_f12244cc4eb2c536,kit,工具套裝,U04,Y,Y,
w_d5d267d3426282fd,top,頂部,U05,Y,Y,
w_29bf48c6ae14203e,mop,地拖,U05,Y,Y,
w_f97b6c04ab773107,hop,單腳跳,U05,Y,Y,
w_fd9ee21d59a79234,pop,爆開,U05,Y,Y,
w_9780307a426f8ec9,hot,熱的,U05,,,pot
w_878e8168b54780be,pot,鍋,U05,,,hot
w_19b6cb74c725c1c8,dot,小點,U05,Y,Y,
w_10622e0d04fd73a6,lot,一塊地,U05,Y,Y,
w_cee42511936f39ef,bug,小昆蟲,U06,Y,,
w_baeee33e1e3c8d12,mug,有柄杯,U06,Y,,
w_c35abbe85ecea82b,rug,地氈,U06,Y,Y,
w_f0bab42504ed7d48,hug,擁抱,U06,Y,Y,
w_fff284715ddb0120,fun,樂趣,U06,Y,Y,
w_35bd88192d42c8e7,bun,小圓麵包,U06,Y,Y,
w_7aa175afe75c56c2,bad,不好的,U07,Y,Y,
w_19699e4d7d073bd0,dad,爸爸,U07,Y,,
w_4fe616d5d4eeeea0,mad,生氣的,U07,Y,Y,
w_b5829c079370662b,bag,袋,U07,,,tag
w_93248f3ba5264079,tag,標籤,U07,,,bag
w_9b8af14716aebda1,rag,抹布,U07,Y,Y,
w_4c2e2d06f62e843f,wag,搖擺,U07,Y,Y,
w_efb26a4cdb6ff0ba,fed,餵過,U08,Y,Y,
w_c2ea83f49b0b27de,sled,雪橇,U08,Y,Y,
w_e1c03961871816fb,peg,夾子,U08,Y,Y,
w_1db4847b2e77d1d6,beg,懇求,U08,Y,Y,
w_769414b7520ed9dd,keg,小桶,U08,Y,Y,
w_55940f387e30961a,kid,小孩,U09,Y,,
w_7e7f65313b69cdbe,lid,蓋子,U09,Y,Y,
w_1bc9167d4696c526,hid,躲藏了,U09,Y,Y,
w_c3acd10a438011b0,did,做了,U09,Y,Y,
w_b08973c0c6314dc4,big,大的,"U09,U52,T19",,Y,
w_251ed7c31b03cea2,dig,挖,U09,Y,Y,
w_6c497b0fee518234,wig,假髮,U09,Y,Y,
w_5a53cfa3d92b8070,lip,嘴唇,U10,Y,,
w_e17e76ab6f93ca06,zip,拉鏈,U10,Y,Y,
w_09fc41107fc9c276,tip,尖端,U10,Y,Y,
w_93122f0a7ad9417c,sip,小口喝,U10,,Y,
w_86dd94e45589a5ab,him,他（受詞）,U10,Y,Y,
w_eb710a914a39a340,dim,昏暗的,U10,Y,Y,
w_4d50db7a405b977e,rim,邊緣,U10,Y,Y,
w_ac9f6b20e65ada60,slim,纖細的,U10,Y,Y,
w_a69e1ea62167c5b8,fog,霧,U11,Y,,
w_b2fef893a8e1612d,jog,緩跑,U11,Y,Y,
w_304b65d3dcf07b47,sock,襪子,"U11,U19",,,pick
w_0f1e21119299c976,rock,石頭,U11,Y,,
w_2cdbd68c8cda27a1,lock,鎖,U11,Y,,
w_f19ad3b1871ff3d1,dock,碼頭,U11,Y,Y,
w_85f6da69e5886984,cut,剪,U12,Y,,
w_8be7858af0552cb9,nut,堅果,U12,Y,,
w_c34e3142dfdf2c0e,shut,關上,U12,Y,Y,
w_254e7b5ba403617c,luck,運氣,U12,Y,Y,
w_8319366d48e2126a,truck,貨車,"U12,U25",Y,,
w_6552ecabf675c465,stuck,卡住,U12,Y,Y,
w_be3df077d99ce353,ship,船,U13,Y,,
w_7917ad23cde83f3f,shop,商店,U13,Y,,
w_e3c9b4e5bbcfcb7f,shell,貝殼,U13,Y,Y,
w_0358c2dfc7e2411f,wish,願望,U13,Y,Y,
w_2bad6a2c6706c488,brush,刷子,"U13,U24",Y,,
w_0c056576663a2eae,chin,下巴,U14,Y,Y,
w_42123a70e63982ce,chip,薯條（英式英文，一條）,U14,Y,Y,
w_e4d90ce897003c76,rich,富有的,U14,Y,Y,
w_5681f78ef01cd5c6,much,很多,U14,Y,Y,
w_17ff4a2a16950d45,chop,切碎,U14,Y,Y,
w_bb138e880e134365,chest,箱子,U14,Y,Y,
w_e74d51c79c5bb3f7,lunch,午餐,"U14,T20",,Y,
w_b0d9a08123a70e45,bench,長椅,U14,,Y,
w_52e2f14a56374a11,thin,薄的,U15,,Y,
w_9d732a2d6367ba0c,thick,厚的,U15,Y,Y,
w_791fab40b6f3e991,moth,飛蛾,U15,Y,Y,
w_70ea0841f35a9060,bath,洗澡,U15,Y,,
w_e6045917c6e278e0,path,小路,U15,Y,Y,
w_36db83450c3a6736,three,三,"U15,U33",,,see
w_0189c06a21a56739,thumb,拇指,U15,Y,,
w_610fa40d9e6a2b14,teeth,牙齒,U15,Y,,
w_004d5a4b254f70b2,this,這個,U16,,Y,mother
w_2e7872d91b484ffa,that,那個,U16,Y,Y,
w_f29b8e04c2c21071,these,這些,U16,Y,Y,
w_d65940e0891e3534,those,那些,U16,Y,Y,
w_707ec08d35a86a15,them,他們（受詞）,U16,Y,Y,
w_ca876b20cdad750d,then,然後,U16,Y,Y,
w_872aca4f55a98f51,there,那裡,"U16,U58",Y,Y,
w_b50e06738e954c65,mother,母親,U16,,Y,this
w_7d13cd6809c36724,ring,戒指,U17,Y,,
w_46d8295d9cee5d4f,wing,翅膀,U17,Y,,
w_1a48a915a788fe3a,song,歌曲,U17,,Y,
w_7795137cc805a61f,king,國王,U17,Y,,
w_d6a152c922617ed4,long,長的,"U17,T19",,Y,
w_96a610efd0e5a6cc,bang,砰的一聲,U17,Y,Y,
w_57a664ce41af77bb,hang,掛,U17,Y,Y,
w_17362e4365f31fc3,pink,粉紅色的,U18,Y,,
w_00e1303e4d0726fc,sink,洗手盆,U18,,Y,
w_f70a8e7638a878fc,bank,河岸,U18,Y,Y,
w_2ed8d3a4eea8fdc8,tank,水箱,U18,Y,Y,
w_a0957720e372a2be,wink,眨眼,U18,Y,Y,
w_fff2d6117ce3894b,link,連結,U18,Y,Y,
w_355ca6726e3310a3,think,想,U18,Y,,
w_db519e15ac8dc4a7,back,背部,U19,Y,Y,
w_679a3eaff3db162e,neck,頸,U19,Y,Y,
w_2ca168e8e58387dd,kick,踢球,U19,Y,Y,
w_c1e56d0cbddaa728,pack,收拾行李,U19,Y,Y,
w_666be04ded4a3bd0,pick,挑選,U19,,Y,sock
w_25c15b846d739144,sick,不舒服的,U19,Y,Y,
w_4affb490d9a59c3d,phone,電話,U20,Y,,
w_f869589adbad89c7,photo,照片,U20,,Y,
w_e743231728b85b55,alphabet,字母表,U20,Y,Y,
w_fa5447a186933cac,graph,圖表,U20,Y,Y,
w_d61982e7914e529c,nephew,姪兒或外甥,U20,Y,Y,
w_1b8bf727caa13560,trophy,獎盃,U20,Y,,
w_f68e7553ef3f8975,stop,停止,U21,,,step
w_1e4755e510035d92,step,一步,U21,,Y,stop
w_4083fdb6ed29bb7c,spot,斑點,U21,Y,Y,
w_cac8d04c54eb5519,spin,旋轉,U21,Y,Y,
w_9ebfede5628cd4a8,spoon,匙羹,"U21,U39",,,food
w_137d985c89803b83,skip,跳步,U21,Y,Y,
w_e9ffb28f4c533ca8,skin,皮膚,U21,Y,Y,
w_a9bcee49f14173ca,smell,聞,U22,Y,Y,
w_a3d78ac61cb5a668,smile,微笑,"U22,U28",Y,,
w_393946c5c6ce3853,small,小的,"U22,U52,T19",,Y,mouse
w_45c519dd00329c1a,snack,小食,U22,Y,,
w_c0a8cfddf542fa82,sweet,甜的,U22,Y,Y,
w_832fa858a3aa8d2d,black,黑色的,U23,Y,,
w_4d97b83ae81b31f2,block,積木,U23,Y,Y,
w_9a1457f7a3707496,blue,藍色的,U23,,,flag
w_58137824c799dd6b,clap,拍掌,U23,Y,,
w_5924e245c406cba9,flag,旗,U23,,,blue
w_4e82afc5f0fb5604,flat,平的,U23,Y,Y,
w_04af03d85165642c,bread,麵包,"U24,U57,T03",,,breakfast
w_5be7a60f05e8532a,crop,農作物,U24,Y,Y,
w_736f959e8310bff9,crow,烏鴉,U24,Y,,
w_b843e6695ec2d07d,green,綠色的,"U24,U33",Y,,
w_b7e9865f392feaf8,grin,咧嘴笑,U24,Y,Y,
w_40afe6254283a08b,tree,樹,"U25,U33,T11",,,tall
w_b32dfd8b04c2942c,drop,一滴,U25,Y,Y,
w_3fe56d106e678bc0,free,免費的,U25,Y,Y,
w_ecd5134aa320cb6f,sand,沙,U26,Y,Y,
w_9e29da83043c6fff,wind,風,U26,Y,Y,
w_bd5d2b3936fdaec7,pond,池塘,U26,Y,Y,
w_5c132806358c1be4,went,去了,U26,Y,Y,
w_793a986e208f806f,lamp,燈,U26,,Y,
w_52de8bd58dd8c47a,jump,跳,"U26,U50,T18",,Y,
w_6cac06aa2d505120,name,名字,U27,Y,Y,
w_9e7350ac85b63737,game,遊戲,U27,Y,,
w_9f23abc71dfb502d,same,相同的,U27,Y,Y,
w_749902978d9fe425,cake,蛋糕,U27,,,plate
w_56f0953f2b5fd5dc,lake,湖,U27,Y,Y,
w_b5c8d0abc1e15665,gate,閘門,U27,Y,Y,
w_53f634972d77ffe9,plate,碟,U27,,Y,cake
w_803d957eb9135398,shape,形狀,U27,Y,Y,
w_a8293209a8ed32e3,time,時間,U28,Y,Y,
w_3ad1defd9a4d5504,five,五,U28,Y,,
w_85a625104679a599,line,線,U28,Y,Y,
w_9880c5a87cf22552,nine,九,U28,Y,,
w_add6509ae603ea70,home,家,U29,,,rope
w_9920108232253866,rope,繩,U29,,Y,home
w_5b94ee261de15e6d,stone,石頭,U29,Y,Y,
w_d65f26d3fe9d4ea7,cone,圓錐,U29,Y,Y,
w_4bc57a641c664c72,hope,希望,U29,Y,Y,
w_5a8bbe4ff54ffd6c,note,便條,U29,Y,Y,
w_003efdb083d45845,cube,立方體,U30,Y,,
w_5e565dbae0146f1d,tube,管,U30,Y,Y,
w_83bbec66b2feb617,cute,可愛的,U30,Y,Y,
w_27d9296f5e235fd1,June,六月,"U30,U59",Y,Y,
w_439868818bfd911a,mule,騾,U30,Y,Y,
w_b34c50bd8cd00c81,rule,規則,U30,Y,Y,
w_60edcffa2e1eafe2,flute,長笛,U30,,Y,
w_b97f87a0db0af848,tune,曲調,U30,Y,Y,
w_603398457224615c,tail,尾巴,U31,Y,Y,
w_dc7f511b1184b0a8,paint,油漆,U31,Y,Y,
w_c123b6762c03b7fa,mail,郵件,U31,Y,,
w_f7f9e86d7a568413,sail,帆,U31,Y,Y,
w_0d485cde9fa7a0d3,wait,等候,U31,Y,Y,
w_6bde6293b9694d6b,day,天,U32,Y,Y,
w_60eaa4e68d93231a,say,說,U32,Y,Y,
w_35d600771aed956e,play,玩,"U32,U50,U51",,,clay
w_c2a96093892eb7bf,stay,留下,U32,Y,Y,
w_2906e41f2a16633f,way,路,U32,Y,Y,
w_fdda2c5ab8b5fa19,tray,托盤,U32,Y,,
w_759e3d450ff56863,clay,黏土,U32,,Y,play
w_a63044fd3c28298d,spray,噴霧,U32,Y,Y,
w_38941e6d91db7e8d,see,看見,"U33,U58",,Y,three
w_ab1e2b8c32a796f9,feet,腳（複數）,U33,Y,,
w_4553031f1c05ecb0,team,隊伍,U34,Y,Y,
w_d0d660b0c07e14e0,read,閱讀（現在式）,U34,Y,Y,
w_3a555e86bc51b778,meat,肉,U34,Y,Y,
w_fe394d0fffa23aec,road,路,U35,Y,,
w_53250f8c44eed61e,toast,多士,U35,Y,,
w_828bbacb3bf2c73a,float,浮起,U35,Y,Y,
w_eba608726c0e03b5,coach,教練,U35,Y,Y,
w_365c4c22d8069c78,slow,慢的,U36,Y,Y,
w_617ea46b99a2bcc0,grow,生長,U36,Y,Y,
w_f020b6a5d93d2ea1,show,展示,U36,Y,Y,
w_1257a7e2cda324a8,blow,吹,U36,Y,Y,
w_3bfa8333f57eb7a9,yellow,黃色的,U36,Y,Y,
w_9b2c740bca858775,pillow,枕頭,U36,Y,Y,
w_4b8ea691c1ede886,night,夜晚,U37,Y,,
w_d5bc383630a5a87d,light,燈光,U37,,,bright
w_98a0044a8b847837,right,右邊,U37,Y,Y,
w_88907874a459647a,bright,明亮的,U37,,Y,light
w_c19f9ed385ca17fc,sight,視野,U37,Y,Y,
w_84fca02c23237da9,tight,緊的,U37,Y,Y,
w_4d1e50b7804487ad,high,高的,U37,Y,Y,
w_4d5758b1f4dbfae8,flight,飛行,U37,Y,Y,
w_ca4e26b9f2806ec9,tie,領帶,U38,Y,,
w_20e66b3da20ba9b4,lie,躺,U38,Y,Y,
w_a0569cab5dc1f79d,die,骰子（單數）,U38,Y,Y,
w_b77210721b063536,cried,哭過,U38,Y,Y,
w_2ddfd76d549ed3c9,tried,嘗試過,U38,Y,Y,
w_847dad07d00294e6,dried,弄乾了,U38,Y,Y,
w_5f948223904a0a1f,flies,蒼蠅（複數）,U38,Y,Y,
w_fe91213c33563e58,food,食物,U39,,,spoon
w_7b5572b29ab902bf,boot,靴,U39,Y,,
w_86e4f3d7a941704f,room,房間,U39,Y,Y,
w_6efe8e55e81a2096,zoo,動物園,U39,Y,Y,
w_75d090cfdab3745d,pool,水池,U39,Y,Y,
w_c04f9aa63d078c84,cook,煮食,"U40,T18",,,dinner
w_f040be1a9d40251a,good,好的,U40,Y,Y,
w_824019be22554bc4,foot,腳,U40,Y,,
w_19e27a758460c64d,wood,木材,U40,Y,,
w_9f6feed3fd49df7e,wool,羊毛,U40,Y,Y,
w_874029de0edd448c,hood,衣服風帽,U40,Y,,
w_cb066042655ee7af,coin,硬幣,U41,Y,,
w_f517385c2e2076ff,soil,泥土,U41,Y,Y,
w_91d5c525b9b6c350,boil,煮沸,U41,Y,Y,
w_8ea913cc8fb34b9a,join,加入,U41,Y,Y,
w_d82df974aab06f52,point,指向,U41,Y,Y,
w_b12014e216b43ced,boy,男孩,U41,Y,,
w_7d99a381d04e4b6c,joy,喜悅,U41,Y,Y,
w_063e39850c9805d1,out,外面,U42,Y,Y,
w_3405919ae0dbd336,loud,大聲的,U42,Y,Y,
w_1e9ff9a11056e747,mouse,老鼠,"U42,T04",,,small
w_af095f5ae0171090,now,現在,U42,Y,Y,
w_84e975111fb7700a,brown,啡色的,U42,,Y,
w_1c26c7405720f537,farm,農場,U43,Y,Y,
w_7320a9a3f723ece8,arm,手臂,U43,Y,Y,
w_d391f2a39c24d3a5,card,卡,U43,Y,Y,
w_78f51e6be27222b0,dark,黑暗的,U43,Y,Y,
w_34cbd895842ff5d5,short,短的,"U44,T19",,Y,
w_7fe2dbfc59dbe626,born,出生的,U44,Y,Y,
w_980ba03407aa5644,storm,暴風雨,U44,Y,,
w_1b2b8ecf34bc0c9f,sport,運動,U44,Y,Y,
w_c65700ed7f9b3869,north,北方,U44,Y,Y,
w_0878bcb05ed6504d,her,她（受詞）,U45,Y,Y,
w_3fe25346da7efdef,fern,蕨類,U45,Y,Y,
w_44616fe940c34a0e,term,學期,U45,Y,Y,
w_672b721728fd762a,girl,女孩,U45,Y,,
w_dc02beaa1c57948f,nurse,護士,U45,Y,,
w_bd49337f0df842e8,turn,轉向,U45,Y,Y,
w_305545e3fe998404,air,空氣,U46,Y,Y,
w_9d83b9fb8cecd279,hair,頭髮,U46,Y,Y,
w_5353240fdf73e0d8,pair,一對,U46,Y,Y,
w_a5d8e3ff6889f1ae,stairs,樓梯,U46,Y,Y,
w_b6c4a6ef202ac192,fair,公平的,"U46,U53",Y,Y,
w_5f2ca464f2ac0f6b,repair,修理,U46,,Y,
w_cefff80a271a3f60,airport,機場,U46,Y,Y,
w_77e7256b08900e48,ear,耳,U47,Y,Y,
w_8be45b4aa6fd1b09,hear,聽見,"U47,U58",,Y,
w_1ecddbe4fd620297,near,近的,"U47,T19",,Y,
w_c2de0bb888d68dbd,dear,親愛的,U47,Y,Y,
w_75a487b819c6d551,clear,清楚的,U47,Y,Y,
w_a1f761846b4098bc,year,年,U47,Y,Y,
w_5832bdd24c4f65be,fear,害怕,U47,Y,Y,
w_2f79ed709dde5486,beard,鬍鬚,U47,Y,Y,
w_236754a0d6b88743,cats,貓（複數）,U48,Y,,
w_1f2ffa07b5d7cc96,dogs,狗（複數）,U48,Y,,
w_1af8c2da78462c5e,buses,巴士（複數）,U48,Y,,
w_03e50f8a09e37db8,box,盒,U48,Y,Y,
w_bdb38907d87a419d,baby,嬰兒,U49,Y,Y,
w_1b42a36060dea201,babies,嬰兒（複數）,U49,Y,,
w_ddaa09a61c9fdafd,city,城市,U49,Y,Y,
w_2cb158d75ab73ae9,cities,城市（複數）,U49,Y,Y,
w_f21a7cf2c8956477,puppy,小狗,U49,Y,Y,
w_8ce729ab34641202,puppies,小狗（複數）,U49,,,toys
w_57712cc2a3891af7,toys,玩具（複數）,U49,,Y,puppies
w_387e117be5906191,played,玩（play 的過去式）,U50,,Y,
w_54c689c903e0613b,walked,步行（walk 的過去式）,U50,Y,Y,
w_2841491ed15c2417,want,想要,U50,Y,Y,
w_b59c618a6ee70cd8,wanted,想要（want 的過去式）,U50,Y,Y,
w_c0bd028e358d8b0c,jumped,跳（jump 的過去式）,U50,Y,Y,
w_69a5c7793ed7d256,playing,正在玩,U51,Y,Y,
w_6f2441204118b890,make,製作,U51,Y,Y,
w_df7e9832e6d8982a,making,正在製作,U51,Y,Y,
w_a96b0f5d701a6e28,swimming,正在游泳,U51,Y,,
w_cccb5c664f4fc55c,smaller,較小的,U52,,Y,
w_9bd42857fec5075b,smallest,最小的,U52,Y,Y,
w_8ac50b115e3b35b7,bigger,較大的,U52,Y,Y,
w_ab473523473b9bdb,biggest,最大的,U52,Y,Y,
w_48c6d04ae24c9e35,tall,高的,"U52,T19",,Y,tree
w_abb3e912b2af3041,taller,較高的,U52,Y,Y,
w_987f319b5674c453,unhappy,不開心的,U53,Y,Y,
w_bfb285e561c52db6,kind,友善的,"U53,T16",,Y,
w_28f9eda67caf4137,unkind,不友善的,U53,Y,Y,
w_d40dbf511b1b5c09,unfair,不公平的,U53,,Y,
w_0704f726737ef269,safe,安全的,U53,Y,Y,
w_9fee87f3ba9cdc62,unsafe,不安全的,U53,Y,Y,
w_2f26a0e84db9ccc5,read,閱讀,U54,Y,Y,
w_6e6510cd24396141,reread,重讀,U54,Y,Y,
w_97f13ad49df5e302,use,使用,U54,Y,Y,
w_8fc0ccc1fb788897,reuse,再使用,U54,,Y,
w_5975843fdd9749fd,rewrite,重寫,U54,Y,Y,
w_08c9f17cfcd69e01,build,建造,U54,Y,Y,
w_33a7a52a0c1de37b,rebuild,重建,U54,Y,Y,
w_461bfc4f74f5712b,sunflower,向日葵,U55,Y,,
w_763c429c7faa6e3c,raincoat,雨衣,U55,,Y,bedroom
w_cdc600ae1c7bd45c,playground,遊樂場,U55,Y,Y,
w_1147d8d81c90eb49,bedroom,睡房,U55,,,raincoat
w_3a9a4f7c95d1d8ab,have,有,U56,,Y,one
w_c20b492755ed56f8,give,給,U56,Y,Y,
w_cec989584caff04a,love,喜愛,U56,Y,Y,
w_a7d807be7d100a6d,one,一,U56,,,have
w_57aafabd04e87c73,come,來,U56,Y,Y,
w_1dd5bbab44347817,some,一些,U56,Y,Y,
w_b322910ceed2167f,said,說過,U56,Y,Y,
w_251156ec12e521bf,does,做（第三人稱）,U56,Y,Y,
w_3acbe72ed3407cc6,head,頭,U57,Y,Y,
w_d1a24a0f413fc880,great,很棒的,U57,Y,Y,
w_eac3d25b44bed067,break,休息,U57,Y,Y,
w_7c0add81c5f9dfab,steak,牛扒,U57,Y,Y,
w_3cfbb1f55b410caf,two,二,U58,Y,,
w_29dd6440820ffa3b,too,也,U58,Y,Y,
w_c0b6ed945ccb623c,their,他們的,U58,Y,Y,
w_8a7ed42788da516b,here,這裡,U58,Y,Y,
w_260e557dd5c3b525,Monday,星期一,U59,,Y,English; Tom
w_0c49467bdc6f0b15,Friday,星期五,U59,Y,Y,
w_1dd34c729618a3cc,Sunday,星期日,U59,Y,Y,
w_80e58a15bbdc05c2,English,英語,U59,,Y,Monday; Tom
w_3d0dbd0e68767a9c,Tom,湯姆（示例名）,U59,,Y,Monday; English
w_c3aebd69125399d7,May,五月,U59,Y,Y,
w_94d9d8c1b2160ce7,Hong Kong,香港,U59,Y,Y,
w_6b7e36b30f2b8057,I'm,我是（縮寫）,U60,Y,Y,
w_fbeb3ba65a1981ec,don't,不要或不（縮寫）,U60,Y,Y,
w_addf67706ae89202,can't,不能（縮寫）,U60,Y,Y,
w_7d65185a84b445ca,it's,它是或它有（縮寫）,U60,Y,Y,
w_6262dee0382b501c,let's,讓我們（縮寫）,U60,,Y,
w_7a124cfb0c35e6e1,we're,我們是（縮寫）,U60,Y,Y,
w_63e674cf45f1063c,isn't,不是（縮寫）,U60,Y,Y,
w_a75b98413d2a8f69,you're,你是（縮寫）,U60,Y,Y,
w_f33d06e8ef2d5d18,calculator,計數機,T08,,Y,
w_b7bc1a64569d6c83,brave,勇敢的,T16,,Y,
w_06177a28e3bf3a82,careful,小心的,T16,,Y,
w_de72ac9229e05826,draw,畫,T18,,Y,
w_8f767e6a4d9df135,carry,搬運,T18,,Y,
w_6e29906ceac11930,open,打開,T18,,Y,
w_66fb11f569f73952,close,關上,T18,,Y,
w_041214d368166e90,help,幫助,T18,,Y,
w_89f843d243f5d92b,share,分享,T18,,Y,
w_dc3cfeff2ee604fe,wide,寬闊的,T19,,Y,
w_899ad69be8c3e8cb,far,遠的,T19,,Y,
w_9184020f31afee1f,inside,在裏面,T19,,Y,
w_6cbdf3b87c063f99,outside,在外面,T19,,Y,
w_fe8e2ffb10219739,above,在上方,T19,,Y,
w_257b945830173d77,below,在下方,T19,,Y,
w_d0619d4415e3a5a3,afternoon,下午,T20,,Y,
w_bf5461b6bc9da5e1,evening,傍晚,T20,,Y,
w_267c340875cdf293,today,今天,T20,,Y,
w_c397cf38cbe75676,tomorrow,明天,T20,,Y,
w_2f5f8257b4df0100,yesterday,昨天,T20,,Y,
w_aac15bdeaaf8cf1d,breakfast,早餐,T20,,Y,bread
w_6abe886448241469,dinner,晚餐,T20,,Y,cook
w_a86d9d7fc08b8e0f,weekend,週末,T20,,Y,
w_79c97a59c218b46b,holiday,假期,T20,,Y,
